<?xml version="1.0" standalone="no"?>
<!DOCTYPE svg PUBLIC "-//W3C//DTD SVG 20010904//EN"
 "http://www.w3.org/TR/2001/REC-SVG-20010904/DTD/svg10.dtd">
<svg version="1.0" xmlns="http://www.w3.org/2000/svg"
 width="2048.000000pt" height="1263.000000pt" viewBox="0 0 2048.000000 1263.000000"
 preserveAspectRatio="xMidYMid meet">

<g transform="translate(0.000000,1263.000000) scale(0.100000,-0.100000)"
fill="#000000" stroke="none">
<path d="M0 6314 c0 -3781 4 -6313 9 -6310 5 4 1029 6 2275 6 l2266 0 148 112
c81 61 151 117 155 125 4 7 13 13 19 13 7 0 21 8 32 19 25 22 76 55 76 49 0
-6 -75 -65 -270 -211 l-135 -102 1115 -3 c613 -1 1120 0 1127 2 22 9 163 194
158 207 -10 27 -11 219 -2 216 5 -1 9 -51 8 -112 l-1 -110 20 23 c18 22 19 37
18 178 -1 84 1 157 5 161 7 7 10 -87 7 -222 -1 -71 0 -78 13 -65 35 35 339
424 352 451 14 27 14 29 -1 29 -23 0 -13 9 14 13 18 3 91 82 147 162 11 15 32
42 47 60 16 18 28 35 28 39 0 3 -47 6 -104 6 -94 0 -132 9 -108 24 5 3 61 6
125 7 108 1 117 3 138 25 12 13 19 27 16 31 -9 8 13 34 23 28 4 -3 13 2 20 10
11 13 10 14 -6 9 -12 -4 -10 0 7 12 14 11 24 24 22 31 -2 6 1 15 8 19 8 5 10
3 4 -7 -5 -8 -4 -11 1 -6 5 5 9 14 9 20 1 7 6 11 12 10 6 -1 13 7 16 17 3 11
1 20 -4 20 -5 0 -9 -4 -9 -10 0 -5 -5 -10 -11 -10 -5 0 -7 5 -3 11 5 9 -1 10
-21 5 -15 -4 -59 -4 -99 0 -63 7 -67 8 -37 15 57 12 381 15 381 4 0 -5 -21
-13 -47 -16 l-48 -5 45 -5 45 -4 -51 -5 c-43 -4 -51 -2 -46 10 4 11 -1 9 -17
-4 -21 -19 -22 -19 -15 -1 7 17 6 18 -8 5 -9 -8 -14 -17 -13 -19 2 -2 -9 -14
-26 -28 -31 -26 -42 -55 -11 -32 15 13 16 12 3 -3 -7 -10 -16 -16 -20 -13 -12
7 -43 -36 -45 -61 0 -14 -5 -19 -10 -14 -6 6 -17 0 -29 -13 l-19 -22 139 -5
c76 -3 137 -8 136 -12 -2 -5 -3 -16 -4 -25 0 -10 -3 -13 -5 -6 -4 8 -50 12
-148 12 l-143 2 -29 -38 c-16 -20 -43 -53 -59 -72 -79 -94 -115 -140 -115
-149 0 -6 111 -8 298 -6 271 4 372 1 359 -12 -2 -3 -158 -5 -346 -4 -187 0
-341 -3 -341 -8 0 -4 -22 -31 -49 -59 -42 -44 -92 -106 -201 -248 -35 -46
-168 -218 -178 -230 -4 -5 -43 -53 -85 -105 -42 -52 -77 -98 -77 -103 0 -4
505 -6 1123 -5 l1122 3 53 200 c30 110 62 229 72 265 15 54 31 131 35 175 1 6
8 24 17 40 40 76 41 75 -69 75 -65 0 -104 -4 -112 -12 -11 -11 -13 -11 -7 0 4
6 3 12 -3 12 -5 0 -12 -6 -14 -12 -4 -10 -7 -10 -14 -1 -11 15 -253 15 -253 0
0 -6 -5 -5 -13 1 -8 7 -124 11 -327 12 -173 0 -316 3 -319 5 -2 3 117 6 265 6
148 1 276 3 284 4 8 1 111 3 228 4 158 1 211 4 206 13 -4 7 -3 8 5 4 6 -4 9
-12 5 -17 -3 -6 27 -9 82 -7 l87 3 13 40 13 40 -6 -44 c-5 -43 -5 -44 18 -36
13 4 51 6 84 4 65 -4 738 -5 1350 -1 348 2 378 3 363 18 -12 12 -14 24 -7 46
4 16 6 44 3 61 -3 23 0 19 10 -13 9 -25 28 -56 43 -69 15 -13 22 -20 16 -17
-9 5 -13 0 -13 -13 0 -21 3 -21 436 -20 240 0 439 -2 442 -6 3 -3 -193 -5
-436 -5 -414 0 -442 -1 -442 -17 0 -10 19 -83 41 -163 22 -80 46 -172 54 -205
8 -33 33 -130 57 -215 l43 -155 1123 -3 c617 -1 1122 1 1122 5 0 5 -35 51 -77
103 -76 95 -210 266 -270 344 -17 22 -54 65 -81 95 -57 61 -106 140 -78 124 9
-5 34 -34 56 -63 21 -30 137 -180 257 -332 l218 -277 1125 0 c984 -1 1122 1
1110 14 -8 8 -78 62 -155 120 -111 84 -145 105 -165 102 -14 -3 -60 -12 -103
-21 -101 -21 -299 -21 -407 0 -274 51 -528 216 -689 444 -69 98 -105 170 -146
293 -32 96 -65 281 -52 293 3 4 66 7 139 8 l133 1 3 -35 c9 -122 69 -289 143
-397 110 -160 278 -277 474 -328 176 -45 407 -25 553 49 28 14 54 26 56 26 3
0 24 -33 48 -72 23 -40 46 -74 50 -76 5 -2 8 -10 8 -18 0 -8 7 -26 16 -39 l16
-25 -83 -39 c-46 -21 -93 -41 -103 -45 -24 -8 -31 -2 156 -144 l147 -112 2266
0 c1247 0 2271 -2 2276 -6 5 -3 9 2520 9 6310 l0 6316 -10240 0 -10240 0 0
-6316z m15020 5958 c102 -4 -2049 -8 -4780 -8 -2731 0 -4933 2 -4895 3 39 2
192 7 340 12 342 10 9086 4 9335 -7z m-5290 -155 c0 -30 3 -115 7 -190 l6
-137 -58 0 -57 0 7 183 c4 100 9 185 12 190 2 4 22 7 44 7 l39 0 0 -53z m-379
-120 c17 -31 -4 -67 -40 -67 -16 0 -34 7 -41 15 -11 13 -126 15 -924 15 l-911
0 354 -354 c280 -280 359 -353 379 -353 25 0 52 -25 52 -49 0 -20 -29 -44 -54
-44 -29 0 -46 18 -46 50 0 20 -78 103 -375 400 l-375 375 941 3 c907 2 942 3
965 21 28 22 60 17 75 -12z m-4451 8 c11 -13 93 -15 624 -15 l611 0 432 -431
c321 -321 438 -432 458 -434 34 -4 55 -22 55 -49 0 -30 -18 -46 -52 -46 -22 0
-31 6 -39 26 -5 15 -7 29 -4 32 3 4 -189 201 -427 439 l-433 433 -602 0 c-554
0 -604 -1 -632 -17 -36 -21 -64 -10 -69 26 -7 44 50 70 78 36z m5026 1 c1 0 5
-49 9 -108 l7 -108 -57 0 -58 0 6 83 c4 45 7 96 7 114 0 31 0 31 43 26 23 -3
43 -6 43 -7z m2374 -10 c0 -13 7 -27 16 -30 9 -3 1202 -7 2652 -8 2116 -2
2421 -3 1542 -9 -602 -3 -1796 -7 -2652 -8 l-1558 -1 0 -25 c0 -24 -2 -25 -65
-25 l-65 0 0 65 0 65 65 0 c62 0 65 -1 65 -24z m-1972 -103 l2 -103 -50 0
c-57 0 -55 -7 -43 134 l6 77 41 -3 41 -3 3 -102z m-3874 71 c9 -8 16 -25 16
-37 0 -16 154 -176 533 -554 435 -435 537 -532 562 -535 40 -4 57 -48 30 -78
-10 -11 -25 -20 -33 -20 -25 0 -52 31 -52 59 0 20 -105 130 -527 553 -436 436
-532 528 -557 530 -21 2 -35 12 -45 30 -14 24 -14 28 3 47 23 25 49 27 70 5z
m4074 -94 l3 -80 -50 0 -51 0 0 80 0 80 48 0 47 0 3 -80z m196 14 c12 -93 12
-94 -43 -94 -46 0 -49 2 -53 28 -2 15 0 46 5 70 8 41 9 42 46 42 38 0 38 0 45
-46z m200 -6 c10 -91 12 -88 -43 -88 -28 0 -53 4 -56 10 -3 5 -3 37 1 70 l7
60 42 0 42 0 7 -52z m-794 -28 l0 -60 -50 0 c-55 0 -57 3 -44 81 6 34 8 35 50
38 l44 2 0 -61z m2880 -30 l0 -30 2097 0 c1153 0 2094 -2 2092 -4 -14 -12
-578 -16 -2276 -16 l-1913 0 0 -30 0 -30 -65 0 -65 0 0 70 0 70 65 0 65 0 0
-30z m6115 -40 c3 -5 -1 -10 -9 -10 -8 0 -18 5 -21 10 -3 6 1 10 9 10 8 0 18
-4 21 -10z m-7844 -39 c20 -16 22 -23 14 -47 -8 -22 -18 -30 -41 -32 -19 -2
-36 3 -44 12 -11 14 -150 16 -1316 16 l-1304 0 -100 -102 c-78 -80 -100 -108
-100 -130 0 -22 -6 -29 -27 -34 -33 -9 -57 6 -61 38 -3 27 18 50 48 52 10 0
66 47 123 104 l104 102 1307 0 c1293 0 1308 0 1333 20 32 25 35 25 64 1z m504
-21 l0 -25 2662 -5 c1464 -3 2665 -8 2669 -12 4 -5 -1192 -8 -2659 -8 l-2666
0 -3 -27 c-3 -27 -5 -28 -70 -31 l-68 -3 0 71 0 71 68 -3 c64 -3 67 -4 67 -28z
m-5631 4 c30 -29 9 -84 -31 -84 -9 0 -25 7 -34 16 -15 14 -40 16 -136 15
l-118 -1 -157 -158 -158 -157 0 -130 0 -130 492 -492 c290 -290 500 -493 511
-493 34 0 57 -20 57 -48 0 -33 -16 -52 -45 -52 -28 0 -45 19 -45 50 0 20 -101
126 -500 525 l-500 500 0 140 0 140 167 167 168 168 121 0 c108 0 123 2 139
20 22 24 48 26 69 4z m-1604 -4 c0 -5 -20 -10 -45 -10 l-45 0 0 -45 c0 -25 -4
-45 -10 -45 -5 0 -10 25 -10 55 l0 55 55 0 c30 0 55 -4 55 -10z m490 0 c0 -6
-47 -10 -120 -10 -73 0 -120 4 -120 10 0 6 47 10 120 10 73 0 120 -4 120 -10z
m360 -45 c0 -30 -4 -55 -10 -55 -5 0 -10 20 -10 45 l0 45 -44 0 c-25 0 -48 5
-51 10 -4 6 17 10 54 10 l61 0 0 -55z m-4600 -180 l0 -215 -25 0 -25 0 0 215
0 215 25 0 25 0 0 -215z m250 -1 l0 -215 -27 3 -28 3 -3 198 c-2 110 -1 205 2
213 3 8 17 14 31 14 l25 0 0 -216z m1998 0 l2 -212 -30 -4 c-17 -3 -32 -2 -35
0 -8 8 -6 418 2 426 4 4 19 6 33 4 l25 -3 3 -211z m4477 47 c91 -91 165 -168
165 -172 0 -3 -7 -12 -15 -19 -13 -11 -40 11 -180 151 -91 90 -165 168 -165
174 0 11 21 37 26 32 2 -1 78 -76 169 -166z m-4605 -51 l0 -210 -25 0 c-25 0
-27 5 -27 50 0 11 0 99 1 195 l1 175 25 0 25 0 0 -210z m4477 8 c174 -176 201
-207 201 -233 -1 -16 -3 -24 -5 -17 -3 6 -10 12 -16 12 -7 0 -104 92 -216 204
-146 146 -202 209 -198 220 4 9 12 16 19 16 7 0 104 -91 215 -202z m-2727 82
l0 -79 -33 -6 c-19 -4 -56 -5 -83 -3 l-49 5 -3 68 c-2 37 -1 74 2 82 4 9 28
13 86 13 l80 0 0 -80z m665 -5 l0 -80 -80 0 -80 0 -3 83 -3 83 83 -3 83 -3 0
-80z m-4035 -120 l0 -175 -30 0 -30 0 0 168 c0 93 3 172 7 175 3 4 17 7 30 7
l23 0 0 -175z m5030 -60 c176 -175 187 -184 203 -168 16 17 25 9 174 -140 150
-149 157 -158 140 -174 -16 -17 -13 -22 70 -105 70 -71 83 -88 70 -94 -13 -5
-39 15 -99 75 -78 77 -83 80 -100 64 -18 -16 -26 -10 -175 140 -156 155 -157
156 -138 177 18 20 17 22 -168 208 -103 103 -187 191 -187 195 0 24 44 -13
210 -178z m1404 115 c25 -27 46 -56 46 -65 0 -9 -4 -14 -9 -11 -5 4 -11 1 -13
-6 -2 -6 -30 14 -62 46 -46 47 -55 61 -45 72 19 23 34 17 83 -36z m-6184 -95
l0 -135 -30 0 -30 0 0 135 0 135 30 0 30 0 0 -135z m5637 -47 c90 -90 163
-168 163 -174 0 -6 -6 -17 -14 -23 -11 -9 -46 20 -180 151 -91 89 -166 169
-166 178 0 19 9 30 24 30 6 0 84 -73 173 -162z m-4519 20 l3 -108 -26 0 -25 0
0 111 c0 109 0 110 23 107 21 -3 22 -8 25 -110z m130 0 c-3 -118 -7 -127 -49
-106 -14 6 -16 23 -13 105 1 54 3 101 3 106 1 4 15 7 31 7 l31 0 -3 -112z
m492 3 c0 -101 -2 -110 -20 -116 -11 -3 -24 -3 -30 0 -11 7 -14 207 -3 218 3
4 17 7 30 7 23 0 23 -1 23 -109z m8870 99 c0 -5 -11 -10 -24 -10 -38 0 -74
-36 -83 -82 -5 -23 -15 -44 -22 -46 -22 -7 -6 66 21 96 35 37 108 66 108 42z
m435 0 c3 -6 -1 -7 -9 -4 -18 7 -21 14 -7 14 6 0 13 -4 16 -10z m3055 4 c29
-6 31 -9 26 -38 -9 -42 -16 -46 -59 -39 -35 5 -37 7 -37 44 0 42 6 45 70 33z
m-12480 -109 l0 -105 -30 0 -30 0 1 105 1 105 29 0 29 0 0 -105z m9056 91 c30
-23 12 -27 -21 -6 -18 12 -24 20 -14 20 8 0 24 -6 35 -14z m-10426 -96 l0
-100 -30 0 -30 0 0 100 0 100 30 0 30 0 0 -100z m250 0 l0 -100 -30 0 -30 0 0
100 0 100 30 0 30 0 0 -100z m12952 28 l3 -63 60 0 60 0 3 63 c2 47 7 62 18
62 12 0 14 -22 12 -142 -2 -89 -7 -142 -13 -141 -5 2 -12 29 -15 60 l-5 58
-62 3 -62 3 -3 -63 c-2 -48 -7 -63 -18 -63 -12 0 -15 22 -18 129 -3 140 -1
156 22 156 11 0 16 -15 18 -62z m380 45 c12 -11 18 -30 18 -61 0 -65 -19 -82
-91 -82 l-58 0 -3 -62 c-2 -48 -7 -63 -18 -63 -12 0 -15 22 -18 129 -1 72 0
136 2 143 8 20 144 18 168 -4z m395 -5 c21 -12 40 -23 41 -24 7 -5 -33 -64
-43 -64 -5 0 -24 9 -42 19 -30 19 -31 21 -21 55 6 20 15 36 19 36 4 0 25 -10
46 -22z m-3344 -42 c-8 -52 4 -84 40 -106 48 -30 83 -26 123 14 19 19 34 41
34 50 0 9 5 16 11 16 7 0 8 -7 4 -17 -4 -10 -8 -23 -9 -29 -3 -19 -28 -44 -57
-60 -34 -17 -99 -19 -99 -2 0 6 -3 8 -6 5 -11 -11 -43 33 -56 75 -8 28 -8 44
0 63 16 35 22 31 15 -9z m-10133 -51 l0 -75 -30 0 -30 0 0 75 0 75 30 0 30 0
0 -75z m250 0 l0 -75 -29 0 c-26 0 -30 4 -33 33 -2 17 -1 51 1 75 3 39 5 42
32 42 l29 0 0 -75z m1361 25 c3 -103 4 -100 -26 -100 -24 0 -25 2 -25 75 0 73
1 75 25 75 23 0 25 -4 26 -50z m3883 35 c-4 -8 -11 -12 -16 -9 -6 4 -5 10 3
15 19 12 19 11 13 -6z m-5374 -65 c0 -63 -1 -66 -25 -68 -24 -2 -25 0 -25 68
0 68 1 70 25 68 24 -2 25 -5 25 -68z m2040 -45 c0 -63 -4 -105 -10 -105 -6 0
-10 42 -10 105 0 63 4 105 10 105 6 0 10 -42 10 -105z m940 0 c0 -63 -4 -105
-10 -105 -6 0 -10 42 -10 105 0 63 4 105 10 105 6 0 10 -42 10 -105z m587 62
c41 -46 52 -51 72 -33 16 14 28 4 170 -138 143 -144 152 -155 141 -176 -11
-21 1 -36 214 -249 176 -176 223 -229 216 -241 -7 -12 -56 32 -235 210 -124
124 -227 226 -229 228 -2 2 -14 -3 -25 -10 -20 -12 -31 -3 -173 139 -150 151
-151 153 -138 179 14 25 13 28 -29 63 -27 23 -41 42 -37 49 11 19 22 14 53
-21z m-2567 -32 c0 -54 0 -55 -30 -55 -30 0 -30 1 -30 55 0 54 0 55 30 55 30
0 30 -1 30 -55z m120 -3 c0 -58 0 -59 -27 -57 -27 1 -28 4 -31 58 l-3 57 31 0
30 0 0 -58z m127 1 c1 -52 1 -53 -28 -53 -29 0 -29 1 -29 56 0 54 0 55 28 52
25 -3 27 -6 29 -55z m123 -2 c0 -57 -1 -58 -27 -57 -27 1 -28 3 -31 59 l-3 57
31 0 30 0 0 -59z m4050 49 c0 -5 -5 -10 -11 -10 -5 0 -7 5 -4 10 3 6 8 10 11
10 2 0 4 -4 4 -10z m8058 -29 l32 -40 -26 -20 c-15 -12 -31 -21 -36 -21 -9 0
-57 50 -58 61 0 10 41 59 49 59 4 0 22 -18 39 -39z m-13731 23 c-3 -3 -12 -4
-19 -1 -8 3 -5 6 6 6 11 1 17 -2 13 -5z m10883 -19 c0 -32 -55 -92 -92 -101
-42 -9 -33 8 15 31 23 11 41 26 40 33 -2 6 2 12 7 12 6 0 10 8 10 18 0 17 8
32 17 32 2 0 3 -11 3 -25z m-1946 9 l428 -7 392 -394 391 -395 377 7 377 8
361 -359 c198 -197 360 -363 360 -369 0 -6 -40 -51 -90 -100 l-90 -89 -3285
-1 -3286 -1 852 845 851 846 152 5 c250 9 1751 11 2210 4z m1715 -21 c7 -16 8
-30 3 -35 -6 -6 -14 3 -21 23 -13 38 -13 39 -3 39 5 0 14 -12 21 -27z m-10652
-11 c1 -12 -2 -22 -7 -22 -6 0 -10 -5 -10 -11 0 -5 6 -7 13 -3 9 5 9 4 1 -5
-18 -19 -44 -2 -44 29 0 24 3 27 23 23 18 -4 19 -3 7 7 -12 9 -12 11 -1 8 8
-2 16 -14 18 -26z m10115 3 c-4 -25 -19 -41 -28 -32 -7 7 14 57 24 57 5 0 7
-11 4 -25z m-4765 -149 c-11 -28 -31 -17 -107 60 -72 72 -74 76 -55 90 18 13
24 9 94 -60 51 -51 72 -79 68 -90z m12553 -683 l0 -847 -169 168 -169 168
-297 -7 -297 -6 -108 107 -109 106 -292 -5 -292 -6 -63 61 -64 61 0 96 0 96
73 73 74 72 337 0 338 0 132 133 c73 72 160 159 194 192 l62 59 80 -79 80 -80
227 225 c125 124 233 233 240 243 8 9 16 17 19 17 2 0 4 -381 4 -847z m-12327
807 c16 -19 16 -20 -3 -20 -14 0 -18 5 -13 17 5 13 2 15 -11 10 -10 -4 -15 -3
-11 3 9 15 19 12 38 -10z m5682 -26 c14 -9 25 -23 25 -30 0 -8 6 -14 13 -15
43 -4 148 -5 527 -7 l425 -2 445 -444 445 -444 280 -7 c154 -4 282 -9 284 -11
2 -2 -122 -4 -276 -4 l-281 0 -451 450 -451 450 -474 0 -474 0 -16 -26 c-33
-49 -102 -48 -125 2 -16 37 -14 52 14 79 28 29 56 32 90 9z m-1345 2 c0 -3 -4
-8 -10 -11 -5 -3 -10 -1 -10 4 0 6 5 11 10 11 6 0 10 -2 10 -4z m5310 -6 c0
-7 -167 -10 -480 -10 l-480 0 0 -75 0 -75 752 0 c413 0 754 -2 756 -5 3 -3
-326 -5 -731 -6 -405 -1 -749 -1 -764 -2 l-28 -1 -3 92 -3 92 491 0 c320 0
490 -3 490 -10z m-1418 -56 c22 -50 18 -59 -28 -68 -29 -7 -33 -4 -43 25 -16
47 -14 57 17 73 15 8 28 15 30 16 2 0 12 -21 24 -46z m2004 2 c3 -13 4 -35 2
-47 -2 -19 -9 -24 -33 -24 -27 0 -30 4 -36 38 -5 33 -3 40 15 47 35 14 45 11
52 -14z m-12112 -112 c94 -92 99 -96 123 -83 23 12 30 7 176 -139 143 -143
151 -153 138 -173 -12 -21 -3 -32 153 -188 156 -156 184 -191 154 -191 -7 0
-88 75 -180 167 -159 159 -168 166 -185 150 -18 -16 -27 -9 -177 142 -137 137
-155 159 -142 170 9 8 16 17 16 20 0 4 -43 50 -95 102 -85 85 -110 119 -87
119 5 0 52 -43 106 -96z m6737 76 c29 -23 19 -26 -22 -4 -40 20 -82 10 -114
-28 -46 -55 -27 -121 45 -152 26 -11 30 -16 15 -17 -11 -1 -5 -5 15 -9 l35 -7
-32 -2 c-40 -1 -65 8 -56 22 4 6 0 8 -9 4 -9 -3 -23 2 -31 11 -16 17 -17 20
-17 48 0 8 -4 13 -9 10 -16 -10 -6 59 12 78 9 11 17 23 17 28 0 14 55 37 91
38 22 0 46 -8 60 -20z m375 10 c39 -15 22 -24 -19 -11 -28 10 -42 9 -70 -3
-42 -17 -57 -41 -57 -91 0 -41 32 -80 74 -91 38 -9 98 24 109 61 12 37 13 39
26 30 28 -17 -63 -125 -106 -125 -37 0 -98 31 -98 50 -1 8 -6 14 -13 13 -8 -2
-10 16 -9 58 2 55 6 64 35 90 35 31 78 38 128 19z m-5442 -45 c-4 -8 -11 -12
-16 -9 -6 4 -5 10 3 15 19 12 19 11 13 -6z m19 -20 c-3 -9 -8 -14 -10 -11 -3
3 -2 9 2 15 9 16 15 13 8 -4z m7914 -17 c-3 -7 -5 -2 -5 12 0 14 2 19 5 13 2
-7 2 -19 0 -25z m-8073 10 c-4 -6 1 -17 11 -25 11 -7 14 -13 8 -13 -16 0 -36
28 -28 40 3 5 8 10 11 10 3 0 2 -5 -2 -12z m8253 -10 c-3 -8 -6 -5 -6 6 -1 11
2 17 5 13 3 -3 4 -12 1 -19z m-8075 -10 c-7 -7 -12 -8 -12 -2 0 14 12 26 19
19 2 -3 -1 -11 -7 -17z m-2902 -73 l0 -86 -82 3 -83 3 -3 69 c-2 38 -1 75 2
83 4 9 28 13 86 13 l80 0 0 -85z m665 0 l0 -80 -82 -3 -83 -3 0 86 0 86 83 -3
82 -3 0 -80z m10665 37 c0 -27 -2 -51 -5 -53 -2 -3 -20 -3 -40 -1 -34 4 -35 6
-35 46 0 51 4 56 47 56 33 0 33 0 33 -48z m2023 41 c-13 -2 -35 -2 -50 0 -16
2 -5 4 22 4 28 0 40 -2 28 -4z m-4078 -12 l479 -1 350 -349 350 -349 -14 -42
c-26 -80 28 -73 -603 -77 -369 -3 -579 0 -604 6 -31 9 -101 74 -385 358 l-347
348 22 52 c12 29 29 54 37 57 8 2 65 2 125 1 61 -2 326 -4 590 -4z m-1670 -18
c-3 -34 -35 -83 -65 -98 -40 -21 -79 -19 -119 6 -44 26 -29 49 17 25 41 -21
58 -20 98 4 20 13 35 32 39 50 7 32 33 42 30 13z m3190 2 c6 -2 -11 -4 -37 -4
-27 -1 -48 3 -48 7 0 7 62 5 85 -3z m81 -3 c-10 -2 -22 0 -28 6 -6 6 0 7 19 4
21 -5 23 -7 9 -10z m-312 -59 c4 -16 9 -35 12 -44 3 -12 -5 -20 -27 -28 -45
-16 -45 -16 -58 35 -14 55 -9 64 34 64 28 0 34 -4 39 -27z m-10774 -73 l0 -50
45 0 c25 0 45 -4 45 -10 0 -5 -25 -10 -55 -10 l-55 0 0 60 c0 33 4 60 10 60 6
0 10 -22 10 -50z m940 -10 l0 -60 -60 0 c-71 0 -81 18 -12 22 l47 3 3 48 c4
68 22 58 22 -13z m10549 39 c17 -6 31 -17 31 -24 0 -16 -29 -85 -36 -85 -12 0
-64 31 -64 39 0 11 29 81 34 81 1 0 17 -5 35 -11z m-662 -88 l23 -40 -27 -21
c-33 -26 -43 -23 -70 26 l-22 39 32 17 c18 9 34 17 37 18 3 0 15 -18 27 -39z
m-10247 -1 c0 -6 -47 -10 -120 -10 -73 0 -120 4 -120 10 0 6 47 10 120 10 73
0 120 -4 120 -10z m11196 -36 c45 -34 61 -66 73 -143 11 -66 1 -118 -20 -105
-6 3 -14 2 -18 -3 -15 -22 -67 -54 -102 -63 -67 -18 -120 3 -184 72 -34 38
-55 69 -55 84 0 13 5 24 10 24 6 0 10 7 10 15 0 8 9 15 20 15 16 0 20 -7 20
-31 0 -45 29 -98 64 -120 34 -21 66 -25 66 -9 0 14 47 13 52 -1 3 -9 10 -8 28
1 35 19 58 50 66 88 3 17 10 32 15 32 5 0 9 9 9 20 0 12 -7 20 -17 20 -13 0
-14 3 -5 12 14 14 -2 48 -23 48 -8 0 -14 3 -14 8 4 26 -3 34 -26 30 -17 -4
-25 -1 -25 8 0 8 -11 14 -25 14 -14 0 -25 -5 -25 -10 0 -6 -8 -5 -21 2 -17 11
-22 10 -32 -3 -7 -9 -21 -18 -32 -20 -12 -3 -21 -14 -23 -27 -4 -24 -10 -27
-32 -12 -12 9 -8 16 24 43 47 38 75 47 139 42 32 -3 59 -13 83 -31z m-341 -7
l26 -22 -37 -38 c-39 -39 -52 -38 -75 6 -9 15 -6 25 17 48 33 35 36 35 69 6z
m-3522 -44 c6 -10 84 -13 395 -13 l387 0 445 -445 445 -445 1668 0 c1625 0
1669 0 1693 19 29 23 62 17 74 -13 18 -49 -29 -78 -74 -45 l-29 22 -1671 -6
-1671 -6 -445 444 -445 445 -381 0 c-327 0 -383 -2 -394 -15 -23 -27 -70 -17
-83 18 -19 50 58 86 86 40z m3002 -7 c29 -24 30 -25 13 -52 -23 -39 -31 -40
-72 -3 l-37 32 22 23 c28 30 37 30 74 0z m414 -41 l21 -35 -45 -22 c-50 -24
-61 -20 -70 27 -6 27 -3 32 32 47 21 9 39 17 40 17 0 1 10 -15 22 -34z m389 3
c17 -15 15 -68 -5 -90 -16 -18 -59 -24 -79 -10 -23 15 -34 50 -24 77 16 41 70
53 108 23z m2136 -10 c-10 -12 -67 -71 -126 -131 l-108 -110 0 -111 0 -111 88
-87 87 -87 229 -1 c127 0 232 -3 235 -5 2 -3 -103 -5 -235 -5 l-239 0 -92 92
-93 93 0 110 0 110 132 132 c123 123 168 164 122 111z m-2818 -4 c20 -5 24
-12 24 -45 0 -31 -4 -39 -17 -39 -23 0 -93 20 -93 26 0 2 7 21 15 40 11 26 19
34 31 30 9 -3 27 -9 40 -12z m163 -41 c6 -20 8 -39 6 -41 -3 -3 -27 -7 -55
-10 l-50 -5 0 41 c0 38 2 41 33 45 17 2 37 5 44 5 7 1 17 -15 22 -35z m-12539
-63 c179 -34 336 -199 343 -361 l2 -54 -91 -3 -92 -3 -6 44 c-15 102 -103 183
-210 194 -101 10 -190 -40 -232 -132 -64 -136 11 -291 157 -329 l54 -13 3 -87
c3 -102 0 -105 -86 -86 -329 72 -450 474 -215 709 105 104 236 147 373 121z
m1658 0 c160 -37 293 -179 323 -343 6 -33 8 -65 5 -72 -3 -10 -27 -13 -88 -11
-46 1 -88 5 -94 9 -6 3 -14 25 -17 47 -11 85 -100 171 -190 184 l-42 6 3 95 3
95 27 0 c15 0 46 -5 70 -10z m12856 -256 c3 -9 6 -23 6 -32 0 -9 144 -162 319
-339 l318 -323 164 0 164 0 120 -120 c73 -73 128 -120 140 -120 11 0 27 -5 35
-10 11 -7 7 -10 -18 -10 -30 0 -48 15 -157 124 l-123 124 -162 -5 -162 -6
-328 328 c-202 202 -332 325 -339 320 -17 -10 -61 22 -61 43 0 10 5 23 12 30
17 17 65 15 72 -4z m-14704 -74 c0 -5 -16 -10 -36 -10 -28 0 -35 -3 -32 -17 2
-12 15 -20 38 -23 33 -5 35 -7 35 -45 0 -39 -1 -40 -36 -43 -23 -2 -40 2 -49
12 -15 19 -7 20 20 4 26 -17 55 1 55 33 0 21 -5 24 -42 27 -40 3 -43 5 -43 31
0 15 3 31 7 34 10 11 83 8 83 -3z m135 -1 c10 -16 12 -102 3 -121 -10 -21 -67
-25 -86 -6 -16 16 -16 110 0 126 15 15 74 16 83 1z m155 4 c0 -13 -82 -145
-87 -139 -6 6 69 146 80 146 4 0 7 -3 7 -7z m1360 -16 c0 -13 -9 -32 -20 -42
-12 -11 -20 -31 -20 -52 0 -18 -4 -33 -10 -33 -19 0 -11 76 10 95 11 10 20 22
20 27 0 12 -54 10 -68 -4 -9 -9 -12 -7 -12 10 0 20 5 22 50 22 46 0 50 -2 50
-23z m128 -49 c2 -56 0 -68 -15 -76 -20 -11 -52 -10 -71 2 -13 8 -17 127 -5
140 4 4 25 6 48 4 l40 -3 3 -67z m152 66 c0 -9 -82 -144 -91 -150 -19 -11 -7
20 31 87 35 59 60 85 60 63z m-1702 -38 c-4 -25 -36 -34 -44 -12 -10 26 3 45
26 39 14 -4 20 -12 18 -27z m1637 4 c0 -18 -6 -26 -23 -28 -24 -4 -38 18 -28
44 3 9 15 14 28 12 17 -2 23 -10 23 -28z m-1560 -70 c0 -18 -6 -26 -21 -28
-26 -4 -40 24 -23 45 18 21 44 11 44 -17z m1640 0 c0 -18 -6 -26 -23 -28 -24
-4 -38 18 -28 44 3 9 15 14 28 12 17 -2 23 -10 23 -28z m9339 -58 c8 -14 -120
-135 -134 -127 -8 5 9 28 51 71 64 64 74 71 83 56z m140 0 c8 -14 -120 -135
-134 -127 -8 5 9 28 51 71 64 64 74 71 83 56z m140 1 c7 -7 -112 -133 -126
-133 -21 0 -3 30 49 82 59 59 65 63 77 51z m140 0 c7 -7 -112 -133 -126 -133
-21 0 -3 30 49 82 59 59 65 63 77 51z m146 0 c0 -10 -122 -133 -132 -133 -21
0 -3 30 49 82 51 52 83 71 83 51z m140 0 c0 -10 -122 -133 -132 -133 -21 0 -3
30 49 82 51 52 83 71 83 51z m140 -1 c0 -4 -29 -36 -64 -71 -43 -42 -66 -59
-71 -51 -5 7 15 34 51 71 53 53 84 72 84 51z m140 -3 c0 -21 -123 -130 -133
-120 -7 7 10 31 49 70 57 58 84 74 84 50z m140 0 c0 -6 -27 -38 -60 -72 -46
-48 -62 -59 -72 -49 -9 9 3 25 52 72 62 59 80 70 80 49z m140 -2 c0 -21 -119
-132 -130 -121 -6 6 12 31 52 72 61 62 78 73 78 49z m140 0 c0 -21 -117 -130
-130 -122 -8 5 9 28 51 71 64 65 79 74 79 51z m140 0 c0 -13 -110 -127 -123
-127 -20 0 -1 30 50 82 58 59 73 68 73 45z m144 6 c7 -7 -112 -133 -126 -133
-21 0 -3 30 49 82 59 59 65 63 77 51z m140 0 c7 -7 -112 -133 -126 -133 -21 0
-3 30 49 82 59 59 65 63 77 51z m140 0 c7 -7 -112 -133 -126 -133 -21 0 -3 30
49 82 59 59 65 63 77 51z m140 -1 c3 -5 -23 -37 -58 -71 -43 -42 -66 -59 -71
-51 -5 7 15 34 51 71 59 59 69 66 78 51z m146 1 c0 -10 -122 -133 -132 -133
-19 0 -4 25 50 80 51 54 82 73 82 53z m140 -1 c0 -15 -128 -134 -134 -124 -3
6 22 38 56 71 60 58 78 71 78 53z m140 0 c0 -14 -126 -133 -133 -125 -4 4 21
35 55 70 59 60 78 73 78 55z m140 0 c0 -14 -126 -133 -133 -125 -4 4 21 35 55
70 59 60 78 73 78 55z m140 1 c0 -9 -116 -133 -124 -133 -19 0 1 32 51 82 54
55 73 68 73 51z m140 -1 c0 -4 -29 -37 -65 -72 -36 -35 -65 -58 -65 -50 0 8
26 40 57 72 54 55 73 68 73 50z m140 -1 c0 -11 -112 -131 -123 -131 -20 0 -2
30 50 82 56 56 73 68 73 49z m-15746 -136 c-10 -8 -26 -14 -34 -15 -8 0 -2 9
15 20 33 22 49 18 19 -5z m80 -38 c10 -10 15 -21 11 -25 -6 -6 -18 8 -29 33
-3 6 -10 3 -16 -5 -10 -13 -11 -13 -6 2 3 10 1 20 -4 23 -6 4 -10 1 -10 -4 0
-6 -8 -11 -17 -11 -16 1 -16 2 1 15 21 16 30 12 70 -28z m-184 -21 c0 -3 -4
-8 -10 -11 -5 -3 -10 -1 -10 4 0 6 5 11 10 11 6 0 10 -2 10 -4z m170 -6 c0 -6
12 -9 26 -8 16 2 29 -3 32 -11 3 -8 0 -11 -7 -7 -6 4 -11 2 -11 -3 0 -6 -6
-11 -14 -11 -7 0 -25 -9 -38 -20 -34 -26 -43 -14 -12 15 27 25 32 40 10 32
-10 -4 -13 -1 -9 9 6 16 23 19 23 4z m-42 -47 c-10 -2 -26 -2 -35 0 -10 3 -2
5 17 5 19 0 27 -2 18 -5z m72 -7 c0 -3 -4 -8 -10 -11 -5 -3 -10 -1 -10 4 0 6
5 11 10 11 6 0 10 -2 10 -4z m-100 -16 c13 -8 13 -10 -2 -10 -9 0 -20 5 -23
10 -8 13 5 13 25 0z m70 -5 c0 -2 -18 -13 -40 -24 -22 -10 -40 -16 -40 -12 0
4 15 14 33 23 36 17 47 20 47 13z m-142 -27 c2 -10 -6 -17 -20 -20 -18 -3 -24
0 -24 13 0 10 4 15 8 13 4 -3 8 0 8 6 0 17 24 6 28 -12z m15534 -67 c27 -24
33 -36 33 -71 0 -35 -6 -47 -33 -71 l-32 -29 -1471 0 -1471 0 -29 29 c-23 23
-29 38 -29 71 0 33 6 48 29 71 l29 29 1471 0 1471 0 32 -29z m865 -223 l153
-153 0 -725 0 -725 -125 -125 c-73 -73 -123 -130 -120 -138 15 -39 -44 -75
-76 -46 -36 33 -13 84 38 84 20 0 55 28 145 117 l118 117 0 716 0 715 -147
147 -148 147 -242 -6 -243 -6 0 -69 0 -70 -128 -129 -129 -129 -154 0 -155 0
-74 75 -74 75 -1025 0 -1024 0 -63 60 -62 60 -180 0 c-168 0 -180 -1 -197 -20
-25 -28 -66 -23 -82 10 -25 51 36 91 76 51 20 -20 32 -21 214 -21 l193 0 54
-55 54 -55 1026 0 1026 0 74 -75 74 -75 146 0 145 0 122 122 123 123 0 77 0
78 257 0 258 0 152 -152z m-11583 -94 c19 -18 21 -55 4 -72 -16 -16 -65 -15
-75 2 -7 11 -333 14 -2038 18 -1982 5 -2030 5 -2055 -14 -31 -23 -58 -15 -66
18 -12 45 46 75 76 39 11 -13 250 -15 2041 -15 2016 0 2029 0 2049 20 24 24
43 25 64 4z m12808 -432 c2 -174 4 -479 4 -677 l-1 -360 -72 -3 -73 -3 0 680
0 680 58 3 c31 2 62 2 69 0 8 -3 12 -92 15 -320z m218 -117 l0 -375 -70 0 -70
0 0 375 0 375 70 0 70 0 0 -375z m-18135 300 c0 -27 -3 -30 -30 -30 -27 0 -30
4 -33 33 -3 32 -2 33 30 30 29 -3 33 -6 33 -33z m113 4 c-2 -26 -8 -32 -30
-35 -33 -3 -41 7 -32 41 5 20 12 25 36 25 27 0 29 -3 26 -31z m222 -4 c0 -20
-5 -25 -25 -25 -20 0 -25 5 -25 25 0 20 5 25 25 25 20 0 25 -5 25 -25z m83 18
c-7 -2 -13 -9 -13 -14 0 -6 5 -7 10 -4 6 3 10 -2 10 -12 0 -16 -1 -16 -16 -1
-17 17 -12 39 9 37 9 0 9 -2 0 -6z m17935 -315 l-3 -273 -65 0 -65 0 -3 273
-2 272 70 0 70 0 -2 -272z m-18353 187 c0 -27 -4 -30 -32 -33 -32 -3 -33 -2
-33 33 0 35 1 36 33 33 28 -3 32 -6 32 -33z m17209 -64 c16 -17 33 -19 154
-20 l137 -1 98 -98 97 -97 0 -480 0 -480 82 -82 83 -83 150 -2 150 -2 -145 -6
c-80 -3 -151 -2 -159 1 -8 4 -52 44 -98 90 l-85 84 3 480 3 480 -95 92 -94 93
-131 0 c-118 0 -133 -2 -149 -20 -23 -25 -47 -25 -70 0 -16 18 -17 23 -5 45
16 30 50 33 74 6z m-16986 -48 c-2 -22 -8 -28 -28 -28 -20 0 -26 6 -28 28 -3
24 0 27 28 27 28 0 31 -3 28 -27z m112 2 c0 -20 -5 -25 -25 -25 -20 0 -25 5
-25 25 0 20 5 25 25 25 20 0 25 -5 25 -25z m119 -2 c0 -25 -1 -26 -9 -8 -7 17
-9 17 -9 3 -1 -20 -3 -21 -25 -12 -9 3 -16 12 -16 19 0 12 9 16 53 24 4 0 7
-11 6 -26z m-451 -110 c3 -32 2 -33 -32 -33 -35 0 -36 1 -36 36 0 34 1 35 33
32 28 -3 32 -7 35 -35z m70 2 c1 -14 -3 -25 -8 -25 -6 0 -10 11 -10 25 0 14 4
25 8 25 4 0 9 -11 10 -25z m262 0 c0 -20 -5 -25 -25 -25 -20 0 -25 5 -25 25 0
20 5 25 25 25 20 0 25 -5 25 -25z m17177 -37 c76 -35 74 -13 71 -647 l-3 -561
-33 -32 -32 -33 -238 -3 c-208 -3 -241 -1 -269 14 -64 34 -63 24 -63 631 0
613 -1 599 70 636 31 16 60 18 245 16 181 -2 216 -5 252 -21z m-17287 -78 c0
-27 -3 -30 -30 -30 -27 0 -30 3 -30 30 0 27 3 30 30 30 27 0 30 -3 30 -30z
m227 17 c4 -6 1 -7 -7 -2 -9 5 -10 2 -5 -14 5 -18 2 -21 -19 -21 -21 0 -26 5
-26 24 0 18 5 24 25 24 14 0 28 -5 32 -11z m-454 -96 c4 -1 7 -14 7 -31 0 -28
-3 -30 -35 -30 -32 0 -35 3 -35 28 0 35 4 39 32 36 13 -1 26 -3 31 -3z m117
-31 c0 -27 -3 -30 -29 -30 -21 0 -32 6 -36 20 -9 28 2 40 36 40 26 0 29 -3 29
-30z m110 0 c0 -27 -3 -30 -30 -30 -27 0 -30 3 -30 30 0 27 3 30 30 30 27 0
30 -3 30 -30z m110 0 c0 -25 -4 -30 -25 -30 -21 0 -25 5 -25 30 0 25 4 30 25
30 21 0 25 -5 25 -30z m-337 -79 c4 -1 7 -14 7 -31 0 -28 -3 -30 -35 -30 -32
0 -35 3 -35 28 0 35 4 39 32 36 13 -1 26 -3 31 -3z m117 -31 c0 -28 -3 -30
-35 -30 -32 0 -35 2 -35 30 0 28 3 30 35 30 32 0 35 -2 35 -30z m220 0 c0 -25
-4 -30 -25 -30 -21 0 -25 5 -25 30 0 25 4 30 25 30 21 0 25 -5 25 -30z m98 24
c26 -7 30 -40 5 -46 -29 -8 -43 2 -43 28 0 26 3 27 38 18z m17800 -153 c-13
-15 -25 -27 -27 -25 -4 4 39 54 47 54 2 0 -7 -13 -20 -29z m-21 -78 c-3 -10
-5 -4 -5 12 0 17 2 24 5 18 2 -7 2 -21 0 -30z m-18387 -58 c19 -19 32 -35 29
-35 -3 0 -20 16 -39 35 -19 19 -32 35 -29 35 3 0 20 -16 39 -35z m18387 -102
c-2 -27 -3 -5 -3 47 0 52 1 74 3 48 2 -27 2 -69 0 -95z m-18094 -186 c100 -97
178 -165 185 -162 25 9 53 -15 50 -42 -7 -58 -70 -55 -76 3 -3 22 -47 74 -195
224 -222 225 -208 217 36 -23z m1267 -69 c0 -4 -9 -8 -19 -8 -31 0 -34 -18 -4
-22 24 -3 28 -8 28 -33 0 -25 -4 -30 -27 -33 -16 -2 -28 2 -28 8 0 7 8 9 20 5
14 -4 22 -1 26 10 8 20 1 27 -28 29 -24 1 -38 34 -19 45 14 9 51 8 51 -1z
m-547 -30 c17 -2 22 -10 23 -33 2 -29 2 -29 -3 -2 -3 21 -10 27 -29 27 -19 0
-24 5 -23 23 1 15 3 17 6 5 2 -9 14 -18 26 -20z m14 26 c-3 -3 -12 -4 -19 -1
-8 3 -5 6 6 6 11 1 17 -2 13 -5z m143 -12 c0 -9 -9 -23 -20 -30 -12 -7 -25
-23 -30 -35 -6 -14 -9 -16 -9 -6 -1 8 10 26 24 39 14 13 25 28 25 33 0 5 -11
7 -25 5 -14 -3 -25 -1 -25 3 0 5 14 9 30 9 22 0 30 -5 30 -18z m90 -26 c0 -25
-4 -47 -9 -50 -4 -3 -6 6 -3 19 3 19 0 25 -14 25 -18 1 -18 1 -1 11 26 15 21
32 -8 27 -14 -3 -25 -1 -25 3 0 5 14 9 30 9 29 0 30 -2 30 -44z m86 33 c3 -6
-6 -23 -20 -38 -14 -15 -26 -33 -26 -41 0 -11 -2 -12 -12 -1 -11 10 -7 18 20
39 40 34 41 46 2 40 -16 -3 -30 -1 -30 4 0 12 58 10 66 -3z m54 -34 c0 -59
-15 -59 -16 0 -1 25 2 45 7 45 5 0 9 -20 9 -45z m80 35 c0 -5 -7 -10 -15 -10
-7 0 -19 -8 -24 -17 -6 -10 -11 -15 -11 -10 0 4 6 16 12 27 13 21 38 27 38 10z
m0 -64 c0 -12 -5 -16 -16 -12 -9 3 -22 6 -30 6 -8 0 -14 4 -14 8 0 5 10 8 23
8 17 -1 21 4 19 19 -2 16 -1 17 7 5 6 -8 11 -23 11 -34z m-145 -24 c-3 -3 -11
0 -18 7 -9 10 -8 11 6 5 10 -3 15 -9 12 -12z m-385 -537 c22 -126 58 -329 80
-450 22 -121 45 -251 51 -290 18 -110 -1 -101 236 -108 114 -4 234 -10 266
-13 l58 -7 50 -100 c28 -54 49 -101 46 -103 -2 -2 -136 0 -298 4 -162 5 -295
7 -297 6 -2 -1 2 -32 9 -68 6 -37 10 -69 8 -71 -5 -4 -32 9 -187 89 l-112 59
-231 -48 c-127 -26 -233 -45 -235 -42 -3 3 15 51 39 108 24 57 48 114 51 127
11 33 36 39 182 47 204 10 192 5 198 78 3 34 10 240 16 457 10 378 20 586 26
565 2 -5 21 -113 44 -240z m17075 96 c293 -6 260 -7 -404 -13 -398 -5 -898 -8
-1110 -8 l-386 0 -92 -92 -93 -93 0 -675 0 -675 93 -92 92 -91 1132 -5 c1005
-4 1134 -3 1155 11 l23 15 -20 -21 c-20 -21 -21 -21 -1163 -23 l-1144 -3 -99
100 -99 101 0 683 0 683 102 104 102 103 796 -1 c437 -1 939 -5 1115 -8z m446
-78 c13 -16 12 -17 -3 -4 -17 13 -22 21 -14 21 2 0 10 -8 17 -17z m-2151 -107
c0 -20 -4 -23 -37 -22 -21 1 -37 4 -35 9 1 4 2 14 2 22 0 10 11 15 35 15 30 0
35 -3 35 -24z m2267 -198 c-2 -35 -3 -9 -3 57 0 66 1 94 3 63 2 -32 2 -86 0
-120z m-2262 77 c0 -16 -8 -21 -42 -23 -40 -3 -43 -2 -43 23 0 25 3 26 43 23
34 -2 42 -7 42 -23z m-147 -598 l2 -577 -40 0 -40 0 0 573 c0 316 2 576 5 579
3 2 19 4 37 3 l33 -2 3 -576z m147 473 c0 -22 -5 -25 -38 -28 -26 -2 -39 1
-43 12 -12 31 4 47 43 44 33 -3 38 -6 38 -28z m553 -68 c-8 -9 -14 -9 -24 -1
-18 15 -18 14 10 14 18 0 22 -3 14 -13z m-188 -6 c0 -2 -8 -10 -17 -17 -16
-13 -17 -12 -4 4 13 16 21 21 21 13z m176 -28 c4 -6 3 -8 -4 -5 -13 9 -42 -2
-42 -16 0 -6 -8 -19 -17 -30 -17 -19 -17 -20 0 -14 9 4 17 2 17 -3 0 -6 -5
-10 -11 -10 -8 0 -8 -5 1 -15 8 -9 9 -15 2 -15 -6 0 -14 5 -17 10 -3 6 -15 10
-26 10 -10 0 -19 5 -19 11 0 6 9 8 23 4 19 -5 20 -4 5 5 -10 6 -18 16 -18 23
0 8 3 7 9 -2 8 -12 11 -12 24 0 8 8 17 26 21 39 l7 25 -20 -25 c-11 -14 -21
-21 -21 -16 0 6 10 20 21 32 22 24 48 20 65 -8z m-551 -23 c0 -16 -7 -20 -30
-20 -24 0 -31 5 -33 23 -3 21 0 23 30 20 25 -2 33 -8 33 -23z m533 -70 c-3 -3
-9 2 -12 12 -6 14 -5 15 5 6 7 -7 10 -15 7 -18z m-33 -37 c5 -5 -5 -3 -23 3
-18 6 -35 15 -38 20 -6 10 45 -10 61 -23z m-487 -15 c3 -21 -1 -23 -42 -23
-43 0 -46 2 -46 26 0 23 3 25 43 22 35 -2 43 -7 45 -25z m622 7 c0 -5 -5 -10
-11 -10 -5 0 -7 5 -4 10 3 6 8 10 11 10 2 0 4 -4 4 -10z m1310 -10 c0 -16 -6
-19 -35 -18 -27 1 -35 6 -35 20 0 14 8 18 35 18 28 0 35 -4 35 -20z m-1940
-120 c0 -16 -7 -20 -35 -20 -28 0 -35 4 -35 20 0 16 7 20 35 20 28 0 35 -4 35
-20z m227 -37 c-3 -10 -5 -4 -5 12 0 17 2 24 5 18 2 -7 2 -21 0 -30z m-16212
-32 c2 -4 -9 -5 -26 -3 -16 2 -29 8 -29 12 0 9 48 1 55 -9z m16202 -58 c-2
-16 -4 -5 -4 22 0 28 2 40 4 28 2 -13 2 -35 0 -50z m213 30 c10 -9 -21 -19
-57 -18 -28 0 -39 5 -41 17 -3 16 2 17 45 11 26 -3 50 -8 53 -10z m-420 -288
l0 -295 -45 0 -45 0 0 295 0 295 45 0 45 0 0 -295z m557 274 c-1 -13 -5 -14
-19 -5 -23 14 -23 25 1 23 12 -1 19 -8 18 -18z m1371 -271 l-3 -293 -32 -1
-33 -1 0 294 0 293 35 0 35 0 -2 -292z m-1498 152 c19 -12 0 -46 -24 -42 -9 2
-16 -2 -16 -8 0 -6 4 -9 9 -6 5 3 14 -9 20 -27 10 -30 10 -31 -5 -12 l-17 20
8 -20 c14 -38 17 -65 10 -92 -7 -27 -9 -24 -41 42 -19 38 -36 83 -37 99 -2 27
3 32 33 43 43 15 42 15 60 3z m16 -70 c5 1 10 -3 12 -10 5 -13 -20 -9 -30 5
-4 6 -8 15 -8 20 0 6 4 4 9 -3 4 -8 12 -13 17 -12z m-316 -200 l0 -180 -35 0
-35 0 0 180 0 180 35 0 35 0 0 -180z m320 155 c0 -8 -4 -15 -10 -15 -5 0 -7 7
-4 15 4 8 8 15 10 15 2 0 4 -7 4 -15z m24 -1 c3 -8 2 -12 -4 -9 -6 3 -10 10
-10 16 0 14 7 11 14 -7z m161 6 c-3 -5 -1 -10 5 -10 6 0 8 -4 5 -10 -3 -5 -11
-10 -16 -10 -6 0 -7 5 -4 10 3 6 2 10 -3 10 -17 0 -22 -13 -9 -29 11 -14 10
-14 -5 -2 -24 18 -23 26 5 39 29 14 29 14 22 2z m-150 -51 c11 -17 0 -20 -21
-4 -17 13 -17 14 -2 15 9 0 20 -5 23 -11z m18 -41 c-3 -14 4 -32 18 -47 18
-19 19 -25 8 -32 -8 -5 -18 -9 -24 -9 -5 0 -3 5 5 10 10 7 11 12 4 18 -6 4
-14 16 -19 27 -7 18 -9 18 -12 3 -5 -22 -23 -24 -23 -3 0 8 -4 15 -10 15 -14
0 -13 -23 2 -38 6 -6 9 -14 7 -17 -10 -9 -32 43 -25 60 5 15 9 15 22 4 14 -12
19 -11 32 9 18 28 20 28 15 0z m35 -19 c19 -30 8 -34 -12 -4 -9 14 -13 25 -9
25 5 0 14 -9 21 -21z m51 -73 c-1 -20 -2 -20 -6 -1 -3 11 -10 27 -17 35 -10
13 -9 13 7 1 9 -7 16 -23 16 -35z m-102 14 c-3 -11 -1 -23 4 -26 5 -3 9 -10 9
-17 0 -6 -6 -2 -14 8 -12 17 -11 55 1 55 3 0 3 -9 0 -20z m53 -30 c0 -5 -4
-10 -9 -10 -6 0 -13 5 -16 10 -3 6 1 10 9 10 9 0 16 -4 16 -10z m70 -14 c0 -3
-4 -8 -10 -11 -5 -3 -10 -1 -10 4 0 6 5 11 10 11 6 0 10 -2 10 -4z m-27 -42
c-3 -9 0 -20 8 -25 9 -6 10 -9 2 -9 -6 0 -15 5 -18 10 -7 11 0 40 9 40 3 0 3
-7 -1 -16z m37 2 c0 -3 -4 -8 -10 -11 -5 -3 -10 -1 -10 4 0 6 5 11 10 11 6 0
10 -2 10 -4z m1610 -200 c0 -2 -8 -10 -17 -17 -16 -13 -17 -12 -4 4 13 16 21
21 21 13z m-40 -40 c0 -2 -8 -10 -17 -17 -16 -13 -17 -12 -4 4 13 16 21 21 21
13z m-40 -39 c0 -2 -10 -12 -22 -23 l-23 -19 19 23 c18 21 26 27 26 19z
m-16617 -193 c-7 -18 -39 -18 -47 1 -7 19 24 37 41 24 6 -6 9 -17 6 -25z
m15946 -13 c110 -57 161 -191 112 -296 -73 -156 -264 -193 -378 -74 -108 115
-76 308 62 370 55 25 154 25 204 0z m573 -78 c-67 -84 -60 -82 -232 -84 -104
-1 -156 3 -158 10 -3 8 43 11 150 11 l154 0 52 50 c62 59 75 64 34 13z m96 20
c-10 -2 -28 -2 -40 0 -13 2 -5 4 17 4 22 1 32 -1 23 -4z m110 0 c-15 -2 -42
-2 -60 0 -18 2 -6 4 27 4 33 0 48 -2 33 -4z m-17619 -90 l-69 -66 -2 -131 -2
-131 -3 129 -4 130 68 68 c37 37 71 68 74 68 4 0 -24 -30 -62 -67z m1399 30
c3 -31 5 -32 55 -35 32 -2 52 -8 53 -15 1 -7 2 -22 3 -33 1 -19 8 -20 191 -20
l190 0 0 35 c0 35 0 35 45 35 45 0 45 0 45 35 l0 35 410 0 410 0 70 -69 70
-68 0 -162 0 -161 -25 0 -25 0 0 -150 0 -150 26 0 c23 0 25 -3 22 -37 -3 -33
-7 -38 -30 -41 -39 -5 -37 -32 2 -32 l30 0 0 -92 0 -92 -67 -68 -67 -68 -448
0 c-311 0 -449 3 -454 11 -4 8 -9 8 -17 0 -7 -7 -106 -11 -303 -11 -283 0
-292 1 -297 20 -3 14 -14 20 -31 20 -19 0 -26 -5 -26 -20 0 -20 -7 -20 -485
-20 l-485 0 0 60 c0 33 -4 60 -10 60 -6 0 -10 -27 -10 -60 l0 -60 -96 0 -95 0
-65 67 -64 68 2 270 3 270 2 -270 3 -270 62 -62 62 -63 83 0 82 0 3 63 c3 59
4 62 31 65 l27 3 0 -65 0 -66 465 0 c458 0 465 0 465 20 0 17 7 20 45 20 38 0
45 -3 45 -20 0 -20 7 -20 279 -20 176 0 282 4 286 10 3 6 17 10 31 10 13 0 24
-4 24 -10 0 -7 152 -10 437 -10 l437 0 63 62 63 62 0 83 c0 48 -4 84 -10 84
-5 1 -16 2 -22 3 -7 0 -14 16 -16 34 -3 29 -1 32 22 32 21 0 26 5 26 25 0 20
-5 25 -25 25 l-25 0 0 160 0 160 25 0 25 0 0 152 0 152 -62 63 -62 63 -398 0
-397 0 -3 -32 c-3 -31 -6 -33 -45 -36 -39 -3 -42 -5 -45 -35 l-3 -32 -207 -3
-208 -2 0 34 0 35 -52 3 c-52 3 -53 4 -56 36 l-3 32 -232 1 c-128 1 -392 1
-587 0 -195 -1 -380 3 -410 8 -34 5 189 8 595 7 l650 -1 3 -32z m13632 -59 c0
-20 -5 -24 -31 -24 -26 0 -30 3 -27 23 4 28 15 36 39 30 12 -3 19 -14 19 -29z
m108 4 c3 -25 0 -28 -27 -28 -26 0 -31 4 -31 23 0 30 5 35 33 33 16 -1 23 -8
25 -28z m122 1 c0 -24 -4 -29 -24 -29 -29 0 -40 13 -31 39 3 11 15 19 30 19
21 0 25 -5 25 -29z m110 1 c0 -27 -3 -30 -30 -30 -25 0 -30 4 -30 23 0 30 7
37 37 37 19 0 23 -5 23 -30z m245 -5 c0 -27 -3 -30 -30 -30 -27 0 -30 4 -33
33 -3 32 -2 33 30 30 29 -3 33 -6 33 -33z m115 -1 c0 -34 -1 -35 -32 -32 -54
5 -53 68 2 68 28 0 30 -3 30 -36z m125 1 c0 -27 -4 -30 -32 -33 -32 -3 -33 -2
-33 33 0 35 1 36 33 33 28 -3 32 -6 32 -33z m110 0 c0 -27 -4 -30 -32 -33 -32
-3 -33 -2 -33 33 0 35 1 36 33 33 28 -3 32 -6 32 -33z m115 -1 c0 -34 -1 -35
-32 -32 -29 3 -33 7 -36 36 -3 31 -2 32 32 32 35 0 36 -1 36 -36z m-1333 4
c-3 -8 -6 -5 -6 6 -1 11 2 17 5 13 3 -3 4 -12 1 -19z m41 -3 c1 -20 -3 -25
-21 -24 -20 0 -20 1 -3 8 14 5 16 10 8 15 -7 4 -10 12 -7 17 11 16 21 9 23
-16z m-12310 -16 c20 -32 20 -32 0 -65 -11 -19 -24 -34 -29 -34 -13 0 -11 8 7
39 15 25 15 30 0 59 -21 41 -4 42 22 1z m68 0 c15 -29 15 -34 -2 -65 -10 -19
-24 -34 -31 -34 -8 0 -5 12 8 35 20 33 20 37 5 60 -19 28 -20 35 -6 35 5 0 17
-14 26 -31z m68 0 c18 -30 18 -32 0 -65 -26 -48 -49 -46 -27 2 16 33 16 37 1
65 -12 21 -14 29 -5 29 7 0 21 -14 31 -31z m-4097 -527 c-1 -97 -2 -15 -2 183
0 198 1 278 2 177 2 -101 2 -263 0 -360z m3778 376 c21 -73 53 -176 69 -228
l31 -95 68 -3 c65 -3 68 -2 62 18 -3 11 -4 20 0 20 16 0 105 -43 105 -51 0 -5
-2 -9 -5 -9 -2 0 -27 -9 -56 -20 -51 -21 -51 -21 -46 -1 4 19 -1 20 -65 23
-51 2 -73 7 -79 18 -4 8 -34 100 -66 203 -41 137 -59 182 -64 165 -3 -13 -16
-101 -29 -195 l-24 -173 -172 0 -172 0 -12 73 c-7 39 -15 88 -19 107 -9 40 -1
63 -101 -280 -28 -96 -55 -179 -59 -183 -4 -4 -20 34 -35 85 -14 51 -42 140
-60 198 -31 95 -34 101 -36 65 -1 -22 -2 -46 -1 -52 1 -10 -20 -13 -77 -13
l-79 0 -28 163 c-16 89 -31 170 -35 180 -3 11 -26 -65 -55 -185 l-48 -203 -37
80 -38 80 -11 -40 c-6 -22 -34 -139 -62 -260 -66 -286 -69 -298 -75 -292 -5 4
-74 482 -105 720 -7 53 -15 97 -18 97 -4 0 -27 -80 -52 -177 l-46 -178 -228
-3 c-146 -1 -232 1 -239 8 -7 7 64 10 221 10 l232 0 15 53 c8 28 31 117 51
197 19 80 39 154 43 164 10 24 12 10 78 -461 26 -189 51 -340 55 -335 4 4 11
27 17 52 27 127 113 485 117 489 3 2 19 -28 36 -67 18 -40 35 -72 39 -72 3 0
28 93 55 206 34 141 52 200 57 188 4 -11 21 -95 38 -189 17 -93 33 -180 35
-193 5 -21 10 -23 63 -20 l57 3 5 100 5 100 42 -130 c23 -71 54 -172 69 -222
15 -51 30 -93 34 -93 7 0 21 48 100 333 29 103 55 186 57 183 3 -2 13 -55 24
-118 10 -62 21 -123 24 -135 5 -23 8 -23 159 -23 l154 0 6 33 c5 29 56 404 56
413 0 2 3 4 8 4 4 0 25 -60 47 -132z m13200 57 c0 -25 -4 -30 -27 -33 -26 -3
-28 -1 -28 33 0 34 2 36 28 33 23 -3 27 -8 27 -33z m235 -1 c0 -34 -1 -35 -32
-32 -54 5 -53 68 2 68 28 0 30 -3 30 -36z m235 1 c0 -27 -4 -30 -32 -33 -32
-3 -33 -2 -33 33 0 35 1 36 33 33 28 -3 32 -6 32 -33z m115 -1 c0 -34 -1 -35
-32 -32 -29 3 -33 7 -36 36 -3 31 -2 32 32 32 35 0 36 -1 36 -36z m110 1 c0
-32 -2 -35 -30 -35 -28 0 -30 3 -30 35 0 32 2 35 30 35 28 0 30 -3 30 -35z
m1148 29 c12 -4 22 -13 22 -21 0 -8 4 -12 9 -9 5 3 11 -1 15 -9 7 -20 -4 -19
-34 5 -22 17 -42 20 -177 20 -95 0 -153 4 -153 10 0 11 279 14 318 4z m-18649
-20 c2 -2 -23 -4 -57 -4 l-61 0 -4 -62 -3 -63 -2 67 -2 67 33 3 c31 4 88 -1
96 -8z m459 -56 l-2 -73 -3 63 -4 62 -60 0 c-78 0 -69 16 11 19 l60 2 -2 -73z
m15637 48 c0 -22 -14 -29 -34 -17 -19 12 -6 43 16 39 10 -2 18 -12 18 -22z
m245 -1 c0 -21 -5 -25 -30 -25 -25 0 -30 4 -30 25 0 21 5 25 30 25 25 0 30 -4
30 -25z m108 0 c0 -21 -5 -25 -29 -25 -24 0 -29 4 -29 25 0 21 5 25 29 25 24
0 29 -4 29 -25z m232 -5 c0 -26 -3 -29 -22 -26 -13 3 -26 5 -30 5 -5 1 -8 12
-8 26 0 21 5 25 30 25 27 0 30 -3 30 -30z m240 4 c0 -14 -4 -23 -10 -19 -5 3
-10 13 -10 21 0 8 -4 14 -10 14 -5 0 -10 -5 -10 -12 0 -6 -3 -9 -6 -5 -10 10
6 27 27 27 14 0 19 -7 19 -26z m-950 -8 c0 -3 -4 -8 -10 -11 -5 -3 -10 -1 -10
4 0 6 5 11 10 11 6 0 10 -2 10 -4z m-15572 -233 c1 -117 -1 -213 -5 -213 -5 0
-7 92 -5 205 l3 205 -223 2 -223 2 180 6 c99 3 200 5 225 5 l45 0 3 -212z
m-461 -100 c-1 -59 -3 -13 -3 102 0 116 2 164 3 108 2 -56 2 -151 0 -210z
m18793 297 c8 -5 11 -10 5 -10 -5 0 -17 5 -25 10 -8 5 -10 10 -5 10 6 0 17 -5
25 -10z m-18690 -49 c5 -11 7 -26 4 -35 -8 -21 -42 -30 -59 -16 -15 13 -20 51
-8 63 13 14 53 6 63 -12z m318 -9 c4 -28 -14 -52 -38 -52 -26 0 -43 26 -36 55
6 22 11 26 39 23 25 -2 33 -8 35 -26z m16452 -13 c0 -26 -4 -29 -30 -29 -26 0
-30 3 -30 29 0 31 13 41 43 33 11 -3 17 -14 17 -33z m358 4 c3 -32 2 -33 -32
-33 -35 0 -36 1 -36 36 0 34 1 35 33 32 28 -3 32 -7 35 -35z m107 2 c0 -27 -4
-30 -32 -33 -32 -3 -33 -2 -33 33 0 35 1 36 33 33 28 -3 32 -6 32 -33z m225 0
c0 -32 -2 -35 -30 -35 -29 0 -32 4 -32 35 0 31 3 35 32 35 28 0 30 -3 30 -35z
m-1272 -2 c3 -19 -1 -23 -22 -23 -21 0 -26 5 -26 26 0 21 4 25 23 22 14 -2 23
-11 25 -25z m112 -1 c0 -24 -4 -28 -27 -27 -23 0 -29 5 -31 28 -3 24 0 27 27
27 27 0 31 -3 31 -28z m230 -3 c0 -27 -3 -30 -27 -27 -22 2 -29 9 -31 31 -3
24 0 27 27 27 28 0 31 -3 31 -31z m110 1 c0 -27 -3 -30 -30 -30 -27 0 -30 3
-30 30 0 27 3 30 30 30 27 0 30 -3 30 -30z m-15400 -80 c0 -5 -2 -10 -4 -10
-3 0 -8 5 -11 10 -3 6 -1 10 4 10 6 0 11 -4 11 -10z m15758 -28 c3 -31 2 -32
-32 -32 -33 0 -36 2 -36 29 0 23 5 31 23 34 35 7 42 2 45 -31z m130 1 c3 -32
2 -33 -32 -33 -33 0 -36 3 -36 28 0 36 8 44 40 40 20 -2 26 -9 28 -35z m220 0
c3 -32 2 -33 -32 -33 -33 0 -36 3 -36 28 0 36 8 44 40 40 20 -2 26 -9 28 -35z
m-1294 5 c9 -36 7 -41 -9 -28 -16 13 -21 50 -6 50 5 0 11 -10 15 -22z m136 -8
c0 -25 -4 -30 -25 -30 -20 0 -25 5 -25 24 0 13 6 27 13 29 28 12 37 6 37 -23z
m217 3 c-3 -22 -10 -29 -30 -31 -24 -3 -27 0 -27 27 0 28 3 31 30 31 28 0 30
-3 27 -27z m123 -4 c0 -27 -3 -30 -27 -27 -22 2 -27 8 -28 31 -2 23 2 27 27
27 25 0 28 -4 28 -31z m358 1 c-2 -27 -6 -30 -35 -30 -30 0 -33 3 -33 30 0 28
3 30 35 30 33 0 35 -2 33 -30z m-858 -21 c0 -5 -4 -9 -10 -9 -5 0 -10 7 -10
16 0 8 5 12 10 9 6 -3 10 -10 10 -16z m-14370 -9 c0 -5 -2 -10 -4 -10 -3 0 -8
5 -11 10 -3 6 -1 10 4 10 6 0 11 -4 11 -10z m60 1 c0 -6 -5 -13 -10 -16 -6 -4
-8 -11 -5 -16 4 -5 1 -9 -4 -9 -14 0 -14 17 0 26 8 4 7 9 -2 15 -11 7 -10 9 4
9 9 0 17 -4 17 -9z m71 1 c-11 -4 -11 -6 0 -14 10 -7 6 -8 -13 -4 -14 3 -28 3
-31 -2 -2 -4 -2 -2 -1 5 2 6 -2 14 -9 16 -7 2 6 4 28 4 22 0 34 -2 26 -5z
m-551 -47 c0 -14 -4 -25 -9 -25 -4 0 -6 11 -3 25 2 14 6 25 8 25 2 0 4 -11 4
-25z m16399 8 c9 -17 47 -18 518 -23 l508 -5 -505 -3 c-493 -2 -505 -2 -518
-22 -23 -38 -82 -20 -82 25 0 43 59 63 79 28z m-15842 1 c-3 -3 -12 -4 -19 -1
-8 3 -5 6 6 6 11 1 17 -2 13 -5z m15441 -43 c-2 -21 -9 -27 -35 -29 -30 -3
-33 -1 -33 26 0 37 3 40 40 34 27 -4 31 -8 28 -31z m-943 -1 c0 -16 -6 -26
-19 -28 -21 -4 -36 13 -36 41 0 14 6 18 28 15 21 -2 27 -8 27 -28z m345 0 c0
-27 -3 -30 -30 -30 -27 0 -30 3 -30 30 0 27 3 30 30 30 27 0 30 -3 30 -30z
m130 0 c0 -27 -3 -30 -30 -30 -27 0 -30 3 -30 30 0 27 3 30 30 30 27 0 30 -3
30 -30z m580 0 c0 -28 -3 -30 -35 -30 -32 0 -35 2 -35 30 0 28 3 30 35 30 32
0 35 -2 35 -30z m110 0 c0 -27 -3 -30 -30 -30 -27 0 -30 3 -30 30 0 27 3 30
30 30 27 0 30 -3 30 -30z m-16383 -102 c-2 -24 -4 -5 -4 42 0 47 2 66 4 43 2
-24 2 -62 0 -85z m-1081 91 c24 -27 8 -54 -32 -54 -23 0 -30 5 -32 24 -3 15 3
30 14 38 24 17 28 17 50 -8z m312 9 c31 -31 -3 -87 -42 -72 -26 10 -32 55 -11
71 23 16 37 17 53 1z m112 -98 l0 -70 -67 2 -68 2 63 3 62 4 0 64 c0 36 2 65
5 65 3 0 5 -31 5 -70z m-517 -63 l62 -3 -67 -2 -68 -2 2 68 2 67 3 -62 4 -62
62 -4z m16149 59 c4 -19 1 -23 -19 -23 -12 0 -23 4 -23 9 0 5 5 6 10 3 6 -3
10 3 10 14 0 29 17 26 22 -3z m358 -6 c0 -27 -3 -30 -30 -30 -27 0 -30 3 -30
30 0 27 3 30 30 30 27 0 30 -3 30 -30z m120 -1 c0 -27 -3 -30 -27 -27 -20 2
-27 9 -30 31 -3 24 -1 27 27 27 27 0 30 -3 30 -31z m470 1 c0 -28 -3 -30 -35
-30 -32 0 -35 2 -35 30 0 28 3 30 35 30 32 0 35 -2 35 -30z m130 0 c0 -28 -3
-30 -35 -30 -32 0 -35 2 -35 30 0 28 3 30 35 30 32 0 35 -2 35 -30z m-16800 0
c0 -6 -48 -9 -127 -8 l-128 2 110 6 c61 3 118 7 128 8 9 1 17 -2 17 -8z m2936
-39 c-3 -5 1 -14 9 -21 18 -15 11 -30 -13 -30 -13 0 -14 2 -3 9 9 6 10 11 2
15 -14 9 -14 36 0 36 5 0 8 -4 5 -9z m64 -11 c0 -4 -7 -13 -15 -20 -13 -11
-14 -10 -9 4 3 9 1 16 -6 16 -6 0 -9 4 -5 10 6 10 35 2 35 -10z m-222 -18 c3
-17 -2 -22 -17 -22 -16 0 -21 6 -21 26 0 33 33 30 38 -4z m100 21 c-10 -2 -18
-11 -18 -20 0 -13 3 -13 15 -3 13 11 14 10 10 -3 -4 -9 -19 -15 -40 -15 -21 0
-36 6 -40 15 -4 13 -3 14 10 3 12 -10 15 -10 15 3 0 8 -6 18 -12 20 -7 3 7 5
32 5 25 0 37 -2 28 -5z m29 -30 c-3 -10 -5 -4 -5 12 0 17 2 24 5 18 2 -7 2
-21 0 -30z m133 12 c0 -18 -4 -23 -15 -19 -8 4 -15 10 -15 16 0 5 4 6 10 3 6
-3 7 1 4 9 -3 9 -1 16 5 16 6 0 11 -11 11 -25z m27 -7 c-3 -7 -5 -2 -5 12 0
14 2 19 5 13 2 -7 2 -19 0 -25z m12903 -39 c0 -27 -3 -30 -27 -27 -21 2 -27 8
-26 26 1 32 1 32 28 32 21 0 25 -5 25 -31z m110 1 c0 -27 -3 -30 -30 -30 -27
0 -30 3 -30 30 0 27 3 30 30 30 27 0 30 -3 30 -30z m120 0 c0 -26 -3 -30 -29
-30 -28 0 -30 5 -22 53 0 4 12 7 26 7 21 0 25 -5 25 -30z m357 0 c0 -27 -3
-30 -34 -30 -30 0 -33 3 -33 30 0 27 3 30 33 30 31 0 34 -3 34 -30z m113 0 c0
-28 -3 -30 -35 -30 -32 0 -35 2 -35 30 0 28 3 30 35 30 32 0 35 -2 35 -30z
m130 0 c0 -28 -3 -30 -35 -30 -32 0 -35 2 -35 30 0 28 3 30 35 30 32 0 35 -2
35 -30z m110 0 c0 -28 -3 -30 -35 -30 -32 0 -35 2 -35 30 0 28 3 30 35 30 32
0 35 -2 35 -30z m110 0 c0 -28 -3 -30 -35 -30 -32 0 -35 2 -35 30 0 28 3 30
35 30 32 0 35 -2 35 -30z m-1107 -210 c25 -20 42 -20 1199 -22 645 -1 1092 -5
993 -8 -99 -3 -627 -7 -1174 -8 -975 -2 -994 -3 -1018 -22 -31 -24 -46 -25
-67 -4 -21 21 -20 61 2 73 25 15 36 13 65 -9z m-16435 -117 c-10 -2 -26 -2
-35 0 -10 3 -2 5 17 5 19 0 27 -2 18 -5z m2352 -213 c0 -23 -35 -28 -43 -6 -7
18 1 26 25 26 11 0 18 -7 18 -20z m-2352 -47 c-10 -2 -26 -2 -35 0 -10 3 -2 5
17 5 19 0 27 -2 18 -5z m18196 -104 c88 -29 155 -54 150 -56 -5 -2 -76 19
-158 47 -81 27 -154 50 -161 50 -8 0 -131 -75 -272 -168 -142 -92 -357 -232
-479 -311 l-221 -144 -16 -151 c-8 -83 -35 -341 -58 -573 l-43 -423 340 -336
c186 -185 296 -297 244 -248 -52 49 -209 199 -348 334 l-253 244 6 51 c3 27
23 239 45 470 22 231 45 470 52 532 l11 112 151 96 c83 53 198 127 256 164
342 224 576 371 585 367 6 -2 82 -27 169 -57z m201 -69 c13 -6 15 -9 5 -9 -8
0 -22 4 -30 9 -18 12 -2 12 25 0z m-18418 -282 c-1 -51 -3 -10 -3 92 0 102 2
143 3 93 2 -51 2 -135 0 -185z m741 -740 l-3 -983 -37 -3 -38 -3 0 985 0 986
40 0 40 0 -2 -982z m17852 962 c8 -5 11 -10 5 -10 -5 0 -17 5 -25 10 -8 5 -10
10 -5 10 6 0 17 -5 25 -10z m-14610 -115 c0 -47 -3 -85 -7 -85 -5 0 -7 36 -5
80 l4 79 -164 4 -163 3 168 2 167 2 0 -85z m-2483 55 c16 0 22 -7 25 -27 l3
-28 203 -3 202 -2 0 29 c0 28 1 29 75 36 41 3 78 4 83 1 5 -3 8 -23 7 -43 -1
-21 -3 -55 -4 -75 -1 -34 -4 -37 -33 -40 l-33 -3 -3 -162 -2 -163 29 0 c16 0
32 -4 35 -9 9 -14 11 -139 3 -148 -5 -4 -27 -6 -50 -4 -23 2 -55 4 -72 5 -25
1 -31 6 -33 29 l-3 27 -205 0 -204 0 0 -24 c0 -23 -4 -25 -75 -31 -42 -4 -78
-5 -82 -2 -3 4 -2 40 2 82 l7 75 73 0 74 0 3 -42 3 -43 203 -3 202 -2 0 45 0
45 40 0 40 0 -2 163 -3 162 -37 3 c-37 3 -38 4 -38 43 l0 39 -205 0 -205 0 0
-40 c0 -39 -1 -40 -35 -40 -28 0 -38 -5 -45 -22 l-9 -23 0 23 c-1 18 -7 22
-30 22 -29 0 -29 1 -36 69 -4 39 -4 75 0 82 5 8 24 9 59 5 28 -3 61 -6 73 -6z
m293 4 c-58 -8 -150 -8 -150 -1 0 4 39 6 88 6 48 -1 76 -3 62 -5z m1380 -60
c0 -68 -23 -71 -28 -4 -3 37 7 59 26 60 1 0 2 -25 2 -56z m135 0 c0 -37 -4
-49 -15 -49 -16 0 -27 63 -16 92 12 31 31 6 31 -43z m65 1 c0 -42 -3 -55 -15
-55 -12 0 -15 13 -15 55 0 42 3 55 15 55 12 0 15 -13 15 -55z m68 -4 c3 -46 1
-52 -15 -49 -13 2 -19 14 -21 42 -4 46 4 69 21 64 7 -3 13 -26 15 -57z m-931
43 c-3 -3 -12 -4 -19 -1 -8 3 -5 6 6 6 11 1 17 -2 13 -5z m59 -13 c0 -11 -4
-17 -8 -15 -4 3 -8 12 -8 20 0 8 4 14 8 14 4 0 8 -9 8 -19z m72 -26 c1 -25 -2
-45 -7 -45 -13 0 -17 17 -13 56 6 49 18 42 20 -11z m65 39 c-8 -4 -9 -14 -3
-35 5 -18 5 -29 -1 -29 -6 0 -7 -4 -4 -10 3 -5 1 -10 -4 -10 -7 0 -10 19 -9
45 1 34 5 45 17 44 9 0 11 -3 4 -5z m66 -44 c-1 -27 -6 -47 -11 -44 -11 7 -7
94 4 94 5 0 8 -22 7 -50z m71 15 c0 -21 -5 -35 -12 -36 -10 0 -10 -2 0 -6 17
-7 15 -23 -3 -23 -11 0 -15 12 -15 50 0 38 4 50 15 50 10 0 15 -11 15 -35z
m68 -12 c-4 -66 -28 -70 -28 -4 0 39 4 51 16 51 12 0 14 -10 12 -47z m62 -4
c0 -66 -24 -62 -28 4 -2 37 0 47 12 47 12 0 16 -12 16 -51z m70 7 c0 -27 -5
-46 -13 -49 -10 -4 -14 7 -16 44 -1 38 2 49 14 49 11 0 15 -11 15 -44z m60 -7
c0 -66 -24 -62 -28 4 -2 37 0 47 12 47 12 0 16 -12 16 -51z m138 4 c-2 -35 -7
-48 -18 -48 -14 0 -16 11 -11 78 0 9 8 17 17 17 12 0 14 -10 12 -47z m-730
-10 c0 -24 -4 -33 -16 -33 -15 0 -15 2 -2 10 10 6 11 10 3 10 -7 0 -13 11 -13
23 0 14 6 24 14 24 9 0 14 -12 14 -34z m62 -33 c0 -5 -2 -10 -4 -10 -3 0 -8 5
-11 10 -3 6 -1 10 4 10 6 0 11 -4 11 -10z m-483 -252 c-2 -24 -4 -7 -4 37 0
44 2 63 4 43 2 -21 2 -57 0 -80z m4033 57 l0 -55 -59 0 c-54 0 -60 2 -63 23
l-3 22 -645 2 -645 3 -35 -33 c-19 -17 -95 -85 -167 -150 l-133 -119 0 -208 0
-208 -160 -142 c-88 -78 -160 -145 -160 -149 0 -4 5 -12 12 -19 6 -6 9 -14 6
-17 -8 -8 -78 54 -78 68 0 7 4 7 12 -1 7 -7 17 -12 23 -12 12 0 234 194 293
255 l32 35 0 204 0 204 172 153 172 154 650 2 c644 3 651 3 654 23 3 17 11 20
63 20 l59 0 0 -55z m-4753 -62 c-2 -21 -4 -4 -4 37 0 41 2 58 4 38 2 -21 2
-55 0 -75z m16794 87 c21 -12 25 -40 7 -58 -17 -17 -36 -15 -63 6 l-23 18 25
22 c29 25 28 25 54 12z m-368 -37 l-163 -3 0 -35 c0 -27 4 -34 23 -38 12 -2 0
-5 -28 -5 -39 -1 -45 1 -27 8 17 7 22 17 22 45 l0 35 168 -2 167 -2 -162 -3z
m546 -183 c207 -556 390 -1054 387 -1057 -1 -2 -54 7 -117 20 l-114 23 -12 59
c-11 57 -97 511 -128 675 -50 271 -78 410 -82 406 -3 -3 -5 -130 -4 -283 1
-216 -2 -288 -12 -318 -10 -28 -15 -97 -16 -230 -2 -196 -6 -239 -23 -229 -5
3 -5 11 2 19 7 8 9 73 7 186 l-3 174 -2 -177 c-2 -154 -4 -178 -18 -178 -8 0
-13 4 -10 8 2 4 7 30 10 57 4 37 3 45 -5 32 -5 -9 -8 -21 -4 -26 7 -12 -24
-43 -36 -36 -5 4 -9 -3 -9 -14 0 -13 7 -21 18 -22 16 0 16 -1 -1 -8 -10 -4
-19 -11 -19 -16 0 -6 -4 -9 -9 -8 -5 2 -9 -2 -9 -7 0 -6 -68 -10 -185 -10
-102 0 -185 2 -185 5 0 4 15 37 98 215 56 120 158 344 194 425 22 49 44 92 49
96 5 3 11 14 13 25 8 37 72 164 80 157 4 -4 4 0 1 8 -7 20 73 185 85 173 5 -5
31 -70 59 -144z m-14502 88 c-3 -8 -6 -5 -6 6 -1 11 2 17 5 13 3 -3 4 -12 1
-19z m13633 -70 c-1 -41 -36 -162 -48 -166 -17 -5 -15 12 7 90 14 47 16 70 9
74 -6 4 -16 0 -23 -9 -16 -22 -35 -21 -35 1 0 27 9 32 52 32 33 0 38 -3 38
-22z m110 13 c0 -5 -12 -11 -27 -13 -37 -4 -47 -48 -11 -48 39 0 47 -12 45
-65 l-2 -50 -42 -3 c-42 -3 -43 -2 -43 28 0 18 4 29 10 25 6 -3 10 -13 10 -21
0 -8 9 -14 20 -14 17 0 20 7 20 40 0 38 -2 40 -30 40 -29 0 -30 2 -30 45 l0
45 40 0 c22 0 40 -4 40 -9z m85 -41 c0 -41 -2 -45 -25 -45 -21 0 -26 5 -28 33
-5 47 4 64 30 60 20 -3 23 -9 23 -48z m20 -55 c-26 -48 -49 -85 -51 -82 -2 2
17 42 43 90 27 47 50 84 52 82 2 -2 -18 -43 -44 -90z m-11475 -140 l0 -225
-760 0 -759 0 -3 221 c-2 121 -1 223 1 225 2 2 346 4 763 4 l758 0 0 -225z
m-2945 156 c-3 -6 -11 -11 -17 -11 -6 0 -6 6 2 15 14 17 26 13 15 -4z m306 -4
c-13 -13 -26 -3 -16 12 3 6 11 8 17 5 6 -4 6 -10 -1 -17z m304 4 c-3 -6 -11
-11 -17 -11 -6 0 -6 6 2 15 14 17 26 13 15 -4z m106 -4 c-13 -13 -26 -3 -16
12 3 6 11 8 17 5 6 -4 6 -10 -1 -17z m100 0 c-13 -13 -26 -3 -16 12 3 6 11 8
17 5 6 -4 6 -10 -1 -17z m-1321 9 c0 -3 -4 -8 -10 -11 -5 -3 -10 -1 -10 4 0 6
5 11 10 11 6 0 10 -2 10 -4z m100 0 c0 -3 -4 -8 -10 -11 -5 -3 -10 -1 -10 4 0
6 5 11 10 11 6 0 10 -2 10 -4z m105 -6 c-3 -5 -10 -10 -16 -10 -5 0 -9 5 -9
10 0 6 7 10 16 10 8 0 12 -4 9 -10z m100 0 c-3 -5 -11 -10 -16 -10 -6 0 -7 5
-4 10 3 6 11 10 16 10 6 0 7 -4 4 -10z m100 0 c-3 -5 -11 -10 -16 -10 -6 0 -7
5 -4 10 3 6 11 10 16 10 6 0 7 -4 4 -10z m205 0 c0 -5 -4 -10 -10 -10 -5 0
-10 5 -10 10 0 6 5 10 10 10 6 0 10 -4 10 -10z m105 0 c-3 -5 -10 -10 -16 -10
-5 0 -9 5 -9 10 0 6 7 10 16 10 8 0 12 -4 9 -10z m200 0 c-3 -5 -11 -10 -16
-10 -6 0 -7 5 -4 10 3 6 11 10 16 10 6 0 7 -4 4 -10z m105 0 c0 -5 -7 -10 -16
-10 -8 0 -12 5 -9 10 3 6 10 10 16 10 5 0 9 -4 9 -10z m13975 -55 c0 -36 -3
-40 -27 -43 -27 -3 -28 -2 -28 43 0 45 1 46 28 43 24 -3 27 -7 27 -43z
m-15035 20 c-7 -9 -15 -13 -17 -11 -7 7 7 26 19 26 6 0 6 -6 -2 -15z m100 0
c-7 -9 -15 -13 -17 -11 -7 7 7 26 19 26 6 0 6 -6 -2 -15z m105 5 c-3 -5 -11
-10 -16 -10 -6 0 -7 5 -4 10 3 6 11 10 16 10 6 0 7 -4 4 -10z m105 0 c0 -5 -7
-10 -16 -10 -8 0 -12 5 -9 10 3 6 10 10 16 10 5 0 9 -4 9 -10z m100 0 c0 -5
-7 -10 -16 -10 -8 0 -12 5 -9 10 3 6 10 10 16 10 5 0 9 -4 9 -10z m100 1 c0
-6 -4 -13 -10 -16 -5 -3 -10 1 -10 9 0 9 5 16 10 16 6 0 10 -4 10 -9z m100 -6
c-7 -9 -15 -13 -17 -11 -7 7 7 26 19 26 6 0 6 -6 -2 -15z m100 0 c-7 -9 -15
-13 -17 -11 -7 7 7 26 19 26 6 0 6 -6 -2 -15z m110 6 c0 -5 -7 -11 -15 -15
-15 -5 -20 5 -8 17 9 10 23 9 23 -2z m100 -1 c0 -5 -7 -10 -16 -10 -8 0 -12 5
-9 10 3 6 10 10 16 10 5 0 9 -4 9 -10z m100 2 c0 -13 -12 -22 -22 -16 -10 6
-1 24 13 24 5 0 9 -4 9 -8z m100 -7 c-7 -9 -15 -13 -17 -11 -7 7 7 26 19 26 6
0 6 -6 -2 -15z m100 0 c-7 -9 -15 -13 -17 -11 -7 7 7 26 19 26 6 0 6 -6 -2
-15z m110 6 c0 -5 -7 -11 -15 -15 -15 -5 -20 5 -8 17 9 10 23 9 23 -2z m-1732
-66 l20 -25 313 0 313 0 28 -26 27 -27 519 2 520 2 36 -31 c33 -29 36 -37 36
-85 0 -44 -4 -57 -24 -72 -82 -65 -129 -114 -118 -125 7 -7 12 -18 12 -26 0
-19 -78 48 -79 67 -1 11 4 10 19 -4 19 -17 21 -16 95 50 70 63 75 70 75 108 0
31 -7 48 -27 69 l-27 28 -519 0 -519 0 -34 29 -33 30 -305 1 c-291 0 -305 0
-315 -19 -27 -50 -113 -41 -119 13 -7 61 68 90 106 41z m10036 9 c9 -8 16 -26
16 -38 0 -17 44 -67 151 -175 l151 -151 1826 0 1826 0 43 42 c30 29 43 50 43
70 0 35 32 55 66 39 47 -21 17 -106 -30 -88 -8 3 -35 -17 -62 -44 l-48 -49
-1841 0 -1840 0 -155 155 c-106 106 -162 155 -177 155 -26 0 -53 25 -53 50 0
24 26 50 50 50 10 0 26 -7 34 -16z m-10581 -11 c-23 -2 -64 -2 -90 0 -26 2 -7
3 42 3 50 0 71 -1 48 -3z m-1365 -680 l2 -653 -35 0 -35 0 0 656 0 655 33 -3
32 -3 3 -652z m-380 334 l47 -3 -52 -2 -53 -2 2 158 2 157 3 -152 4 -152 47
-4z m12821 190 l24 -29 -51 -51 c-41 -40 -54 -49 -64 -39 -9 9 -4 21 27 52
l39 40 -38 39 c-26 27 -37 45 -32 56 5 15 10 13 39 -12 18 -15 43 -41 56 -56z
m116 -77 c-48 -49 -75 -62 -75 -38 0 7 17 29 37 50 l37 38 -42 43 c-33 34 -40
45 -30 55 10 10 24 1 67 -43 l56 -55 -50 -50z m128 111 c26 -27 47 -53 47 -58
0 -5 -22 -31 -50 -58 -39 -38 -53 -46 -62 -37 -9 9 -4 21 26 51 42 43 41 60
-10 100 -16 13 -24 27 -20 36 9 23 19 19 69 -34z m140 -113 c-42 -41 -55 -50
-65 -40 -9 9 -4 21 27 52 l39 40 -38 39 c-27 28 -37 45 -32 57 6 15 16 9 64
-39 l57 -57 -52 -52z m139 2 c-29 -28 -57 -50 -62 -50 -23 0 -15 20 22 59 l41
42 -41 42 c-33 34 -40 45 -30 55 10 10 24 1 68 -43 l55 -56 -53 -49z m140 95
c21 -21 38 -42 38 -45 0 -3 -22 -28 -50 -55 -39 -38 -53 -46 -62 -37 -9 9 -4
20 25 50 20 21 37 41 37 44 0 4 -16 23 -36 42 -24 24 -34 41 -30 52 7 19 19
12 78 -51z m131 -97 c-42 -41 -55 -50 -65 -40 -9 9 -4 21 27 52 l39 40 -42 43
c-33 34 -40 45 -30 55 10 10 24 1 68 -43 l55 -55 -52 -52z m177 55 c0 -5 -21
-30 -47 -56 -33 -31 -52 -44 -61 -38 -10 6 -3 19 29 50 l43 41 -42 43 c-34 34
-40 45 -30 55 11 11 22 3 61 -37 26 -27 47 -53 47 -58z m93 -55 c-42 -41 -55
-50 -65 -40 -9 9 -4 20 25 50 20 21 37 41 37 45 0 4 -16 22 -37 40 -27 25 -34
39 -29 52 6 16 15 11 64 -38 l57 -57 -52 -52z m138 2 c-40 -41 -54 -51 -63
-42 -9 9 -3 21 27 52 l39 40 -42 43 c-33 34 -40 45 -30 55 10 10 24 1 66 -41
l54 -54 -51 -53z m272 -2 c-42 -41 -55 -50 -65 -40 -9 9 -4 20 25 50 20 21 37
41 37 46 0 4 -18 24 -40 43 -32 29 -38 39 -28 50 9 12 21 5 67 -41 l56 -56
-52 -52z m177 57 c0 -5 -21 -32 -47 -58 -32 -34 -49 -45 -56 -38 -8 8 1 23 28
51 l39 40 -42 43 c-33 34 -39 46 -30 55 10 10 23 2 60 -35 26 -26 48 -52 48
-58z m-6080 85 c0 -5 -23 -10 -50 -10 l-50 0 2 -242 3 -243 50 -6 50 -6 -57
-1 -58 -2 0 260 0 260 55 0 c30 0 55 -4 55 -10z m2730 -250 l0 -260 -57 2 -58
1 50 6 50 6 3 243 2 242 -50 0 c-27 0 -50 5 -50 10 0 6 25 10 55 10 l55 0 0
-260z m3034 215 c25 -25 46 -48 46 -53 0 -4 -22 -30 -50 -57 -37 -36 -53 -46
-61 -38 -8 8 0 23 30 55 l40 45 -39 38 c-22 22 -40 43 -40 47 0 20 33 4 74
-37z m411 -5 l50 -50 -53 -52 c-40 -41 -54 -50 -64 -40 -9 9 -2 21 30 54 l42
42 -40 41 c-22 22 -40 44 -40 48 0 20 31 2 75 -43z m140 0 l49 -50 -53 -51
c-39 -37 -56 -48 -64 -40 -8 8 -1 22 27 50 l39 39 -37 45 c-20 24 -36 47 -36
51 0 18 31 0 75 -44z m91 42 c6 -4 28 -26 49 -50 l38 -43 -48 -49 c-33 -33
-52 -47 -59 -40 -7 7 3 23 29 50 l39 40 -42 43 c-23 24 -39 46 -36 50 9 9 16
9 30 -1z m179 -42 l50 -50 -53 -52 c-41 -41 -54 -50 -64 -40 -9 9 -4 20 25 50
20 21 37 42 37 48 0 6 -16 25 -35 44 -19 19 -35 38 -35 42 0 20 30 4 75 -42z
m133 6 c23 -24 42 -48 42 -53 0 -5 -22 -30 -49 -57 -33 -32 -51 -44 -56 -36
-4 7 7 27 29 49 20 20 36 42 36 47 0 6 -18 25 -40 43 -38 30 -45 51 -16 51 6
0 31 -20 54 -44z m137 -6 l49 -50 -49 -50 c-33 -33 -52 -47 -59 -40 -7 7 3 23
29 50 l39 40 -42 43 c-37 38 -45 57 -22 57 3 0 28 -22 55 -50z m133 7 c23 -23
42 -47 42 -53 0 -6 -21 -32 -47 -58 -33 -34 -48 -44 -54 -34 -5 8 6 26 31 51
l39 38 -39 43 c-35 38 -41 56 -20 56 3 0 25 -19 48 -43z m135 -4 c26 -26 47
-49 47 -53 0 -3 -22 -27 -49 -54 -33 -32 -51 -44 -56 -36 -4 7 7 27 29 49 20
20 36 40 36 45 0 4 -16 22 -35 40 -33 32 -45 56 -27 56 5 0 29 -21 55 -47z
m140 -2 l49 -50 -50 -50 c-31 -32 -53 -47 -58 -40 -3 6 11 28 32 50 l38 39
-42 43 c-37 37 -45 57 -23 57 3 0 28 -22 54 -49z m137 -2 l43 -51 -52 -51
c-38 -39 -51 -47 -51 -33 0 10 16 34 36 53 l37 34 -42 43 c-36 37 -43 56 -21
56 4 0 26 -23 50 -51z m135 1 l49 -50 -49 -50 c-33 -33 -52 -47 -59 -40 -7 7
2 23 27 48 20 21 37 43 37 48 0 6 -16 25 -35 43 -33 30 -44 51 -27 51 4 0 30
-22 57 -50z m137 1 l45 -50 -48 -47 c-57 -56 -80 -52 -26 4 20 21 37 43 37 48
0 6 -18 25 -40 43 -22 18 -38 36 -35 42 11 16 20 10 67 -40z m147 -87 c-19
-20 -42 -40 -52 -46 -35 -19 -29 1 12 37 23 21 41 40 41 44 0 3 -18 25 -40 47
-57 60 -36 64 24 4 l50 -50 -35 -36z m-7445 81 c-4 -8 -15 -15 -25 -15 -11 0
-35 -6 -54 -14 -27 -12 -36 -12 -45 -2 -19 24 21 44 87 45 34 1 41 -2 37 -14z
m1866 -3 c0 -13 -12 -22 -39 -30 -37 -12 -111 -79 -111 -102 0 -6 -9 -10 -20
-10 -29 0 -25 22 13 71 51 67 157 114 157 71z m-1260 -7 c-25 -8 -55 -20 -67
-26 -13 -7 -26 -9 -29 -6 -11 10 77 47 111 46 27 0 25 -2 -15 -14z m125 -4
c22 -10 46 -25 54 -34 19 -24 6 -21 -37 8 -20 14 -44 25 -54 25 -9 0 -20 5
-23 10 -9 15 15 12 60 -9z m582 13 c-3 -3 -28 -7 -55 -8 -51 -3 -142 -46 -142
-67 0 -6 -5 -7 -11 -3 -15 9 15 38 66 63 36 18 158 31 142 15z m89 -40 c36
-26 75 -98 73 -135 -1 -18 -4 -13 -14 19 -19 57 -46 94 -89 117 -20 11 -36 23
-36 27 0 11 31 -2 66 -28z m632 10 c72 -56 102 -183 63 -270 -24 -53 -99 -118
-118 -102 -11 9 -6 17 27 45 49 42 70 89 70 155 0 58 -16 92 -64 135 -22 21
-33 39 -30 48 8 20 11 19 52 -11z m-10253 -434 l0 -405 -37 -3 -38 -3 0 411 0
411 38 -3 37 -3 0 -405z m8397 364 c24 -41 30 -84 13 -84 -15 0 -65 99 -58
113 8 14 27 2 45 -29z m293 -6 c-14 -24 -25 -51 -25 -60 0 -10 -5 -18 -10 -18
-14 0 -2 47 22 88 29 48 41 39 13 -10z m-475 28 c0 -3 -4 -8 -10 -11 -5 -3
-10 -1 -10 4 0 6 5 11 10 11 6 0 10 -2 10 -4z m40 -16 c0 -5 -2 -10 -4 -10 -3
0 -8 5 -11 10 -3 6 -1 10 4 10 6 0 11 -4 11 -10z m799 -16 c29 -65 21 -185
-15 -215 -18 -15 -18 -9 3 32 22 45 23 125 1 168 -21 39 -21 41 -10 41 5 0 14
-12 21 -26z m397 1 c-11 -8 -23 -15 -26 -15 -4 0 -15 -16 -26 -35 -16 -31 -34
-46 -34 -30 0 16 33 66 52 79 30 21 61 22 34 1z m-1326 -5 c0 -5 -5 -10 -11
-10 -5 0 -7 5 -4 10 3 6 8 10 11 10 2 0 4 -4 4 -10z m1167 -48 c-11 -50 -6
-89 18 -144 4 -11 3 -18 -3 -18 -27 0 -43 140 -22 196 16 41 19 25 7 -34z
m-6300 -109 c-2 -32 -3 -8 -3 52 0 61 1 87 3 58 2 -29 2 -78 0 -110z m5303
147 c0 -5 -2 -10 -4 -10 -3 0 -8 5 -11 10 -3 6 -1 10 4 10 6 0 11 -4 11 -10z
m-1860 -75 c0 -52 -1 -55 -25 -55 -23 0 -25 -4 -25 -47 0 -43 -4 -51 -34 -75
l-35 -28 -1078 2 -1078 3 1077 5 1076 5 26 24 c20 19 26 34 26 67 0 37 -3 43
-22 46 -19 2 -24 10 -26 42 -5 60 1 66 63 66 l55 0 0 -55z m1569 24 c-6 -3 -7
-14 -3 -23 4 -11 1 -22 -7 -27 -11 -7 -11 -9 4 -9 10 0 17 -8 17 -20 0 -11 -6
-20 -14 -20 -18 0 -30 52 -22 96 6 28 9 32 20 21 8 -6 10 -15 5 -18z m229 15
c25 -17 31 -71 10 -92 -16 -16 -60 -15 -82 1 -27 20 -18 78 14 94 32 16 31 16
58 -3z m87 6 c3 -5 1 -10 -4 -10 -6 0 -11 5 -11 10 0 6 2 10 4 10 3 0 8 -4 11
-10z m573 -6 c25 -17 31 -71 10 -92 -17 -17 -64 -15 -82 4 -33 33 -7 104 39
104 6 0 21 -7 33 -16z m640 -12 c29 -37 0 -92 -49 -92 -29 0 -59 31 -59 61 0
10 12 27 27 38 28 23 59 20 81 -7z m622 -1 c32 -61 -37 -123 -84 -75 -19 18
-21 65 -4 82 20 20 76 15 88 -7z m-2070 -31 c0 -5 -4 -10 -10 -10 -5 0 -10 5
-10 10 0 6 5 10 10 10 6 0 10 -4 10 -10z m242 -22 c-9 -9 -12 -7 -12 12 0 19
3 21 12 12 9 -9 9 -15 0 -24z m1278 18 c0 -42 -45 -106 -75 -106 -10 0 -2 12
20 31 25 22 35 39 35 60 0 16 5 29 10 29 6 0 10 -6 10 -14z m75 -90 c-18 -38
-93 -112 -103 -102 -3 4 11 21 32 38 40 33 74 94 77 138 2 20 3 18 6 -7 2 -18
-3 -48 -12 -67z m-1259 70 c3 -8 -5 -37 -17 -66 -19 -45 -24 -50 -37 -37 -16
17 -7 41 14 33 10 -4 12 2 7 24 -6 33 1 60 17 60 6 0 13 -6 16 -14z m244 -19
c0 -12 9 -37 20 -55 23 -37 25 -46 9 -36 -14 9 -48 84 -49 107 0 10 5 15 10
12 6 -3 10 -16 10 -28z m720 23 c0 -5 -4 -10 -10 -10 -5 0 -10 5 -10 10 0 6 5
10 10 10 6 0 10 -4 10 -10z m-1290 -24 c0 -3 -4 -8 -10 -11 -5 -3 -10 -1 -10
4 0 6 5 11 10 11 6 0 10 -2 10 -4z m-3692 -52 c-2 -23 -8 -29 -27 -29 -13 0
-25 6 -27 13 -1 7 0 8 3 2 2 -5 14 -10 25 -10 17 0 20 5 16 35 -2 20 0 31 5
26 5 -5 7 -21 5 -37z m75 31 c-3 -9 -8 -14 -10 -11 -3 3 -2 9 2 15 9 16 15 13
8 -4z m45 -22 c-3 -33 -6 -38 -28 -38 -16 0 -25 6 -26 18 -1 12 -1 13 3 2 2
-8 14 -15 25 -15 17 0 20 5 16 35 -2 19 0 35 5 35 4 0 7 -17 5 -37z m36 22
c-4 -8 -8 -15 -10 -15 -2 0 -4 7 -4 15 0 8 4 15 10 15 5 0 7 -7 4 -15z m86
-25 c0 -22 -2 -40 -4 -40 -2 0 -6 18 -8 40 -2 22 0 40 4 40 5 0 8 -18 8 -40z
m111 8 c-3 -21 -6 -26 -9 -15 -3 17 3 47 11 47 2 0 1 -15 -2 -32z m139 -8 c0
-22 -2 -40 -4 -40 -2 0 -6 18 -8 40 -2 22 0 40 4 40 5 0 8 -18 8 -40z m32 6
c-3 -29 0 -35 17 -39 20 -4 19 -5 -1 -3 -19 1 -24 8 -26 39 -2 20 1 37 5 37 5
0 7 -15 5 -34z m69 11 c-10 -9 -11 -8 -5 6 3 10 9 15 12 12 3 -3 0 -11 -7 -18z
m53 7 c11 -28 6 -52 -10 -58 -26 -10 -42 -7 -48 10 -5 14 -4 15 9 4 32 -26 63
18 33 48 -8 8 -8 12 -1 12 6 0 14 -7 17 -16z m46 6 c0 -5 -4 -10 -10 -10 -5 0
-10 5 -10 10 0 6 5 10 10 10 6 0 10 -4 10 -10z m37 -52 c-2 -13 -4 -3 -4 22 0
25 2 35 4 23 2 -13 2 -33 0 -45z m40 40 c-3 -8 -6 -5 -6 6 -1 11 2 17 5 13 3
-3 4 -12 1 -19z m35 -13 c-4 -30 -1 -35 17 -35 17 0 21 6 21 29 0 16 -6 32
-12 34 -8 3 -5 6 5 6 15 1 18 -6 15 -36 -3 -33 -6 -38 -28 -38 -19 0 -26 6
-28 23 -3 22 3 52 11 52 1 0 1 -16 -1 -35z m91 28 c-7 -2 -13 -18 -13 -34 0
-38 36 -42 43 -4 4 23 4 23 3 -2 -1 -23 -6 -28 -26 -28 -22 0 -25 5 -28 38 -3
30 0 37 15 36 10 0 13 -3 6 -6z m71 -8 c-4 -8 -8 -15 -10 -15 -2 0 -4 7 -4 15
0 8 4 15 10 15 5 0 7 -7 4 -15z m41 -26 c0 -30 -3 -34 -25 -34 -15 0 -25 6
-26 15 -1 10 1 10 3 2 3 -7 12 -12 21 -10 21 4 28 47 10 60 -10 8 -10 9 2 5
10 -2 15 -16 15 -38z m45 37 c0 -2 -7 -9 -15 -16 -13 -11 -14 -10 -9 4 5 14
24 23 24 12z m30 -11 c0 -8 -2 -15 -4 -15 -2 0 -6 7 -10 15 -3 8 -1 15 4 15 6
0 10 -7 10 -15z m32 -20 c-4 -31 -1 -35 18 -35 19 0 22 4 18 35 -2 19 0 35 5
35 4 0 7 -17 5 -37 -3 -33 -6 -38 -28 -38 -19 0 -26 6 -28 23 -3 22 3 52 11
52 1 0 1 -16 -1 -35z m91 28 c-7 -2 -13 -18 -13 -34 0 -23 4 -29 21 -29 18 0
21 5 17 35 -2 19 0 35 5 35 4 0 7 -17 5 -37 -3 -33 -6 -38 -28 -38 -22 0 -25
5 -28 38 -3 30 0 37 15 36 10 0 13 -3 6 -6z m74 -45 c-2 -13 -4 -5 -4 17 -1
22 1 32 4 23 2 -10 2 -28 0 -40z m81 15 c-3 -33 -6 -38 -28 -38 -19 0 -26 6
-28 23 -5 36 5 52 33 52 24 0 26 -3 23 -37z m42 -3 c0 -22 -2 -40 -4 -40 -2 0
-6 18 -8 40 -2 22 0 40 4 40 5 0 8 -18 8 -40z m78 3 c-3 -33 -6 -38 -28 -38
-22 0 -25 5 -28 38 -3 35 -2 37 28 37 30 0 31 -2 28 -37z m77 -3 c0 -31 -3
-35 -25 -35 -22 0 -25 5 -28 38 -3 37 -2 38 25 35 25 -3 28 -7 28 -38z m45 5
c0 -19 -2 -35 -4 -35 -2 0 -6 16 -8 35 -2 19 0 35 4 35 4 0 8 -16 8 -35z m32
0 c-4 -30 -1 -35 17 -35 17 0 21 6 21 29 0 16 -6 32 -12 34 -8 3 -5 6 5 6 15
1 18 -6 15 -36 -3 -33 -6 -38 -28 -38 -22 0 -25 5 -28 38 -2 20 1 37 5 37 5 0
7 -16 5 -35z m88 -5 c0 -22 -2 -40 -4 -40 -2 0 -6 18 -8 40 -2 22 0 40 4 40 5
0 8 -18 8 -40z m43 33 c-7 -2 -13 -18 -13 -34 0 -23 4 -29 21 -29 18 0 21 5
17 35 -2 19 0 35 5 35 4 0 7 -17 5 -37 -3 -33 -6 -38 -28 -38 -22 0 -25 5 -28
38 -3 30 0 37 15 36 10 0 13 -3 6 -6z m74 -45 c-2 -13 -4 -5 -4 17 -1 22 1 32
4 23 2 -10 2 -28 0 -40z m53 17 c0 -19 -4 -35 -10 -35 -5 0 -10 16 -10 35 0
19 5 35 10 35 6 0 10 -16 10 -35z m3640 10 c0 -24 57 -80 100 -100 25 -11 40
-25 40 -36 0 -33 -83 2 -134 58 -37 39 -53 82 -36 93 17 11 30 4 30 -15z
m-5654 -41 c-8 -21 -50 -14 -52 9 -1 12 -1 13 3 2 2 -8 13 -15 24 -15 15 0 19
8 20 33 1 24 3 26 6 9 3 -13 2 -30 -1 -38z m-4799 24 c-3 -8 -6 -5 -6 6 -1 11
2 17 5 13 3 -3 4 -12 1 -19z m5096 -32 c18 -4 18 -4 -3 -3 -14 1 -25 8 -26 17
0 8 1 10 3 3 2 -6 14 -14 26 -17z m888 7 c10 3 19 1 19 -4 0 -15 -47 -10 -53
5 -3 8 -3 17 1 21 4 4 9 -1 10 -10 3 -11 10 -15 23 -12z m-666 -3 c-3 -5 -16
-10 -28 -9 -20 1 -20 2 3 9 14 4 26 8 28 9 2 1 0 -3 -3 -9z m3445 0 c0 -5 -5
-10 -11 -10 -5 0 -7 5 -4 10 3 6 8 10 11 10 2 0 4 -4 4 -10z m-4093 -6 c-3 -3
-12 -4 -19 -1 -8 3 -5 6 6 6 11 1 17 -2 13 -5z m4050 0 c-3 -3 -12 -4 -19 -1
-8 3 -5 6 6 6 11 1 17 -2 13 -5z m-5579 -31 c-3 -17 -40 -18 -598 -18 -558 0
-595 1 -598 18 -3 16 31 17 598 17 567 0 601 -1 598 -17z m6749 -10 c27 -21
50 -28 106 -33 60 -5 67 -8 43 -14 -43 -13 -132 11 -169 45 -40 36 -27 38 20
2z m-571 -25 c52 -14 60 -29 9 -18 -41 9 -85 36 -85 51 0 6 7 3 16 -6 9 -8 36
-21 60 -27z m204 32 c0 -11 -50 -39 -92 -51 -16 -4 -28 -4 -28 2 0 5 8 9 18 9
9 0 35 11 57 24 49 29 45 28 45 16z m-4850 -19 c0 -5 -3 -16 -6 -25 -5 -12 -9
-13 -19 -3 -9 8 -10 16 -3 25 12 14 28 16 28 3z m3990 -15 c0 -2 -9 -6 -20 -9
-11 -3 -20 -1 -20 4 0 5 9 9 20 9 11 0 20 -2 20 -4z m86 -17 c8 -14 -10 -11
-32 6 -18 13 -18 14 4 8 12 -3 25 -9 28 -14z m-41 -9 c13 -5 14 -9 5 -9 -8 0
-24 4 -35 9 -13 5 -14 9 -5 9 8 0 24 -4 35 -9z m-6067 -12 c-4 -10 -84 -14
-346 -16 -300 -2 -342 0 -342 13 0 13 44 15 346 15 272 0 345 -3 342 -12z
m-818 -14 c0 -75 -106 -155 -179 -137 -43 10 -100 53 -101 74 -1 19 35 17 56
-2 12 -11 39 -23 61 -26 46 -6 88 22 109 73 10 23 20 32 34 31 11 -1 20 -7 20
-13z m13023 -15 l89 -12 -6 -46 c-3 -25 -8 -62 -12 -81 -5 -33 -4 -36 31 -53
21 -10 39 -17 40 -15 1 2 7 17 13 33 l11 30 -5 -36 -6 -36 74 -31 c40 -17 100
-43 133 -58 33 -15 62 -28 65 -28 8 -1 77 -30 215 -91 66 -29 130 -56 143 -59
12 -4 20 -11 18 -15 -3 -4 8 -8 24 -8 25 0 28 3 19 19 -18 33 -192 202 -257
248 -34 25 -106 69 -160 97 -106 58 -119 72 -19 22 152 -76 333 -224 440 -359
25 -32 58 -56 110 -82 41 -21 80 -38 85 -38 5 0 13 -7 16 -16 6 -15 4 -15 -18
0 -36 23 -126 55 -126 45 0 -5 -13 0 -30 12 -16 12 -27 25 -25 29 3 4 -3 7
-13 7 -34 -2 -82 15 -76 25 4 6 2 8 -4 4 -6 -3 -39 7 -74 23 -35 16 -103 45
-153 65 -49 19 -155 62 -233 96 -79 33 -149 60 -155 60 -10 0 -108 -334 -107
-362 0 -5 6 -8 14 -8 7 0 51 -19 97 -42 95 -47 217 -160 257 -238 25 -48 19
-42 -42 44 -62 88 -216 198 -322 230 -20 6 -21 10 -12 49 5 23 22 85 38 137
16 52 36 119 44 148 l15 53 -36 15 c-27 12 -38 12 -43 4 -5 -7 -9 -4 -13 11
l-6 22 -428 -7 -428 -7 -45 -31 c-64 -45 -150 -118 -150 -128 0 -10 397 -410
406 -410 3 0 25 16 47 36 53 44 183 109 262 129 34 9 104 15 165 15 l105 0 17
78 c10 42 25 121 35 175 9 53 20 97 23 97 6 0 -27 -196 -53 -308 l-12 -53
-135 -3 c-119 -2 -143 -6 -205 -30 -86 -33 -146 -67 -206 -117 l-46 -38 -209
210 c-115 115 -209 212 -209 216 0 9 72 75 135 124 l44 34 -4759 5 -4760 5
-150 -61 c-82 -34 -199 -82 -260 -106 -60 -25 -157 -65 -215 -89 -58 -24 -111
-43 -118 -43 -7 1 -11 -1 -8 -4 10 -9 -53 -32 -69 -26 -8 4 -15 2 -15 -4 0 -9
-39 -28 -70 -34 -8 -2 -17 -5 -20 -8 -3 -3 -31 -18 -63 -34 -45 -22 -61 -26
-70 -17 -9 9 -8 11 5 6 11 -4 18 0 23 15 4 13 13 20 23 17 10 -2 44 10 77 26
33 16 107 49 165 72 58 24 132 55 165 70 33 15 112 49 175 75 63 27 180 77
260 112 l145 63 4807 1 4808 2 42 25 c139 81 382 144 567 146 41 1 115 -4 164
-10z m-11613 -44 c0 -13 -78 -15 -645 -15 -567 0 -645 2 -645 15 0 13 78 15
645 15 567 0 645 -2 645 -15z m11888 -20 c29 -9 51 -19 49 -21 -2 -2 -29 5
-60 15 -62 22 -63 21 -84 -39 l-12 -35 6 35 c7 46 22 73 36 67 7 -2 36 -12 65
-22z m3082 -130 c0 -8 -4 -15 -10 -15 -5 0 -7 7 -4 15 4 8 8 15 10 15 2 0 4
-7 4 -15z m-15390 -95 c0 -5 -4 -10 -10 -10 -5 0 -10 5 -10 10 0 6 5 10 10 10
6 0 10 -4 10 -10z m-862 -170 c-2 -57 -7 -95 -14 -97 -15 -5 -26 177 -11 195
20 25 28 -5 25 -98z m120 11 c2 -63 -1 -97 -9 -101 -9 -6 -44 -7 -81 -1 -10 1
-10 185 -1 195 4 4 25 6 48 4 l40 -3 3 -94z m117 -6 l0 -100 -33 -3 c-53 -5
-62 10 -62 98 0 105 3 112 54 108 l41 -3 0 -100z m83 93 c7 -7 12 -28 12 -47
1 -40 7 -35 43 30 25 46 32 29 8 -20 -26 -50 -26 -49 7 -53 25 -3 27 -7 30
-49 3 -50 -11 -66 -49 -54 -15 5 -19 16 -19 48 -1 46 -6 43 -43 -24 -10 -17
-20 -29 -24 -25 -3 3 5 27 20 54 l26 47 -32 0 c-30 0 -32 3 -35 39 -2 21 -1
44 2 52 7 17 38 18 54 2z m7669 -4 c-3 -3 -12 -4 -19 -1 -8 3 -5 6 6 6 11 1
17 -2 13 -5z m-1174 -11 c-7 -2 -19 -2 -25 0 -7 3 -2 5 12 5 14 0 19 -2 13 -5z
m1274 1 c-3 -3 -12 -4 -19 -1 -8 3 -5 6 6 6 11 1 17 -2 13 -5z m-1350 -10 c-3
-3 -12 -4 -19 -1 -8 3 -5 6 6 6 11 1 17 -2 13 -5z m1430 0 c-3 -3 -12 -4 -19
-1 -8 3 -5 6 6 6 11 1 17 -2 13 -5z m-8297 -24 c0 -23 -29 -76 -53 -98 -14
-13 -43 -26 -65 -29 -49 -7 -115 4 -107 17 3 6 0 7 -8 4 -9 -3 -22 4 -31 17
-24 35 4 47 43 18 57 -42 155 -12 168 52 4 22 11 29 29 29 13 0 24 -5 24 -10z
m6679 -4 c-2 -2 -26 -6 -54 -9 -32 -4 -43 -3 -30 3 19 8 93 14 84 6z m514 -41
c16 -27 21 -45 14 -45 -19 -1 -215 -27 -297 -40 -201 -32 -517 -113 -544 -141
-6 -5 -22 -9 -36 -9 -15 0 -30 -3 -34 -7 -4 -4 -26 -15 -49 -23 -40 -15 -47
-15 -132 7 -49 12 -106 23 -125 23 -49 0 -29 12 90 53 253 88 486 143 788 186
223 32 258 37 284 40 10 0 26 -17 41 -44z m1352 35 c12 -5 -1 -6 -35 -3 -30 3
-57 7 -59 9 -9 8 75 2 94 -6z m2157 -205 c-1 -92 -3 -170 -6 -173 -6 -5 -7 34
-7 188 0 137 1 164 7 157 3 -3 6 -81 6 -172z m-1887 105 c-33 -16 -116 -55
-185 -86 -69 -32 -127 -61 -130 -65 -3 -4 -19 -11 -35 -15 -17 -4 -47 -15 -68
-26 -21 -11 -43 -18 -48 -16 -10 3 60 40 140 74 25 11 115 51 200 91 86 39
163 71 171 72 8 0 -12 -13 -45 -29z m7274 13 c1 9 8 17 17 17 10 0 14 -7 12
-22 -2 -13 -7 -23 -13 -23 -5 0 -15 -4 -22 -8 -7 -5 -16 1 -24 14 -9 17 -8 23
2 30 9 5 16 2 21 -9 6 -16 7 -16 7 1z m-12286 0 c-7 -2 -19 -2 -25 0 -7 3 -2
5 12 5 14 0 19 -2 13 -5z m160 -10 c26 -9 47 -21 47 -25 0 -11 -18 -10 -25 2
-3 5 -27 16 -53 24 -26 8 -40 15 -32 15 8 1 36 -7 63 -16z m-2935 -16 c79 -39
62 -171 -26 -198 -51 -15 -104 8 -126 56 -20 41 -20 59 0 100 26 56 90 73 152
42z m2699 2 c-22 -11 -41 -18 -44 -15 -3 3 10 12 28 20 50 21 60 18 16 -5z
m743 11 c0 -5 5 -10 11 -10 5 0 7 5 4 10 -3 6 3 10 14 10 12 0 21 -6 21 -14 0
-14 -46 -26 -108 -28 -17 -1 -29 -5 -26 -10 3 -4 1 -8 -5 -8 -16 0 -22 18 -9
27 12 8 74 30 91 32 4 1 7 -3 7 -9z m11578 -15 c6 -13 8 -27 3 -29 -12 -8 -44
31 -36 43 10 17 21 13 33 -14z m-13623 5 c-3 -5 -11 -10 -16 -10 -6 0 -7 5 -4
10 3 6 11 10 16 10 6 0 7 -4 4 -10z m8215 -60 l-7 -55 -2 65 c0 36 3 60 8 55
4 -6 5 -35 1 -65z m120 56 c0 -8 -4 -18 -10 -21 -5 -3 -10 3 -10 14 0 12 5 21
10 21 6 0 10 -6 10 -14z m-7820 -6 c-8 -5 -19 -10 -25 -10 -5 0 -3 5 5 10 8 5
20 10 25 10 6 0 3 -5 -5 -10z m160 2 c0 -4 -27 -14 -60 -20 -72 -15 -133 -58
-175 -124 -49 -77 -66 -53 -17 26 27 45 101 98 158 116 38 11 94 12 94 2z m98
-6 c2 -3 1 -9 -2 -14 -8 -14 -59 1 -64 18 -4 10 3 11 28 6 19 -3 35 -8 38 -10z
m722 4 c20 -5 44 -16 55 -24 18 -13 18 -14 -4 -49 l-22 -36 -36 15 c-19 9 -56
14 -82 13 -45 -3 -45 -3 -54 35 -7 29 -6 40 4 47 19 12 96 11 139 -1z m2190 6
c0 -2 -19 -9 -42 -14 -24 -5 -52 -13 -63 -17 -16 -6 -18 -5 -8 5 14 15 113 38
113 26z m9920 -43 c0 -10 -7 -13 -22 -8 -20 5 -21 4 -5 -5 9 -6 17 -15 17 -20
0 -13 -47 -13 -55 0 -6 10 13 50 30 62 12 9 35 -10 35 -29z m-11460 -8 c0 -18
-5 -25 -20 -25 -15 0 -20 7 -20 25 0 18 5 25 20 25 15 0 20 -7 20 -25z m2778
17 c42 3 134 7 204 7 l127 1 -1 -33 -1 -34 -176 -6 c-168 -6 -340 -24 -440
-46 -25 -5 -82 -17 -126 -27 -44 -9 -117 -30 -162 -45 -45 -16 -93 -29 -108
-29 -14 0 -42 -7 -62 -15 -20 -8 -38 -14 -40 -11 -2 2 15 11 39 21 47 19 48
17 -32 48 l-34 13 49 14 c28 7 52 16 55 20 10 14 271 70 415 90 83 11 157 24
165 29 8 5 23 5 33 2 9 -4 52 -3 95 1z m-2983 -12 c4 -6 -1 -7 -11 -3 -13 5
-16 3 -11 -9 3 -9 0 -19 -7 -21 -16 -6 -16 24 -1 35 14 10 23 10 30 -2z m119
-7 c7 -16 -8 -33 -30 -33 -18 0 -27 32 -12 42 20 12 35 9 42 -9z m3471 2 c174
-18 418 -70 412 -89 -2 -6 -14 -12 -26 -14 -12 -2 -25 -10 -28 -18 -6 -17 -66
-19 -109 -4 -16 5 -56 14 -89 19 -33 5 -98 16 -145 25 -47 9 -130 22 -185 30
-81 11 -90 14 -49 15 44 1 52 4 62 27 11 23 16 25 55 20 23 -3 69 -8 102 -11z
m-3904 -18 c-10 -9 -11 -8 -5 6 3 10 9 15 12 12 3 -3 0 -11 -7 -18z m609 -5
c-1 -18 -18 -32 -33 -26 -17 6 -23 35 -11 47 8 7 44 -10 44 -21z m-930 -58 c0
-9 5 -12 12 -8 7 5 8 3 4 -5 -5 -7 -14 -10 -22 -7 -18 7 -43 -30 -50 -76 -6
-33 -10 -37 -43 -41 -49 -6 -54 -1 -47 49 6 50 34 108 67 143 l22 24 29 -32
c15 -17 28 -38 28 -47z m10230 56 c6 -11 8 -20 6 -20 -3 0 -10 9 -16 20 -6 11
-8 20 -6 20 3 0 10 -9 16 -20z m-15802 -293 l37 -4 -42 -1 -43 -2 2 153 2 152
3 -147 4 -147 37 -4z m2443 270 c-13 -13 -26 -3 -16 12 3 6 11 8 17 5 6 -4 6
-10 -1 -17z m781 1 c-12 -12 -35 -1 -27 12 3 5 13 6 21 3 10 -4 12 -9 6 -15z
m3022 6 c4 -9 1 -23 -5 -31 -10 -11 -15 -11 -30 3 -14 13 -16 20 -8 31 15 18
36 17 43 -3z m-2194 -49 c0 -8 -4 -15 -10 -15 -5 0 -17 -22 -27 -50 -13 -36
-23 -50 -37 -50 -16 0 -18 5 -13 34 3 19 14 52 24 73 10 21 18 41 19 46 1 4 2
9 3 12 2 11 41 -36 41 -50z m414 21 c23 -30 35 -66 22 -66 -2 0 -11 -2 -19 -5
-8 -4 -24 9 -42 34 -46 67 -10 101 39 37z m1376 -1 c-37 -39 -45 -42 -53 -21
-4 9 0 12 11 9 10 -2 28 7 41 21 14 14 27 26 30 26 3 0 -10 -16 -29 -35z
m-2445 15 c3 -5 2 -10 -4 -10 -5 0 -13 5 -16 10 -3 6 -2 10 4 10 5 0 13 -4 16
-10z m2302 4 c-3 -3 -12 -4 -19 -1 -8 3 -5 6 6 6 11 1 17 -2 13 -5z m12155
-16 c0 -13 1 -29 1 -35 -1 -7 3 -10 8 -7 15 9 10 -23 -6 -36 -17 -14 -39 -4
-31 15 2 7 -3 16 -12 20 -15 6 -15 8 2 21 17 12 18 14 3 14 -9 0 -17 7 -17 15
0 9 9 15 25 15 19 0 25 -6 27 -22z m278 14 c0 -15 -24 -32 -44 -32 -19 -1 -19
-1 -3 -11 24 -14 21 -31 -5 -27 -16 2 -23 10 -23 25 0 12 -4 25 -8 29 -16 17
-4 24 38 24 25 0 45 -4 45 -8z m-12383 -8 c-3 -3 -12 -4 -19 -1 -8 3 -5 6 6 6
11 1 17 -2 13 -5z m203 -87 c18 -87 10 -143 -21 -133 -8 2 -26 7 -40 10 -22 5
-25 10 -21 36 2 16 -3 53 -12 81 -10 28 -16 52 -14 53 2 1 16 12 33 25 l29 22
18 -23 c9 -13 22 -45 28 -71z m610 78 c15 -18 5 -35 -20 -35 -10 0 -22 5 -25
10 -7 11 12 40 25 40 4 0 13 -7 20 -15z m8228 -10 c3 -2 2 -16 -2 -30 -5 -21
-12 -25 -46 -25 -39 0 -40 1 -40 36 l0 37 42 -7 c23 -4 44 -9 46 -11z m-8658
-16 c0 -5 -7 -9 -16 -9 -10 0 -14 -6 -11 -15 4 -8 1 -17 -5 -21 -7 -4 -8 -3
-4 4 4 7 2 12 -3 12 -14 0 -14 23 0 37 12 12 39 7 39 -8z m6352 -11 c-9 -9
-12 -7 -12 12 0 19 3 21 12 12 9 -9 9 -15 0 -24z m3363 1 c9 -17 15 -33 13
-35 -3 -2 -12 12 -21 31 -21 43 -13 47 8 4z m-9555 6 c0 -17 -2 -18 -25 -9
-13 5 -14 8 -3 15 19 13 28 11 28 -6z m1215 5 c-3 -5 -18 -10 -33 -9 -24 0
-25 1 -7 9 28 12 47 12 40 0z m4868 -82 c-1 -51 -2 -120 -2 -152 -1 -33 -3
-57 -6 -54 -3 2 -5 67 -6 144 0 165 -1 154 9 154 4 0 6 -42 5 -92z m227 82 c0
-5 -4 -10 -10 -10 -5 0 -10 5 -10 10 0 6 5 10 10 10 6 0 10 -4 10 -10z m2020
-18 c0 -24 -6 -30 -34 -39 -39 -12 -56 -2 -56 33 0 23 14 31 63 33 23 1 27 -3
27 -27z m-10352 11 c-21 -2 -55 -2 -75 0 -21 2 -4 4 37 4 41 0 58 -2 38 -4z
m1920 -16 c4 -20 -25 -34 -39 -20 -14 14 1 45 20 41 9 -2 17 -11 19 -21z
m3247 -22 c0 -27 -5 -47 -12 -50 -9 -3 -13 10 -13 45 0 33 4 50 13 50 8 0 12
-16 12 -45z m5498 33 c26 -13 29 -38 7 -62 -14 -14 -82 14 -76 31 3 8 6 21 6
29 0 17 27 18 63 2z m-9823 -50 c20 -44 27 -123 12 -132 -5 -3 -25 0 -45 6
-32 10 -37 15 -37 43 0 17 -6 40 -14 51 -13 17 -12 22 12 47 35 37 50 34 72
-15z m12965 13 c3 -5 1 -13 -5 -16 -14 -8 -40 13 -40 32 0 10 4 11 19 3 11 -5
22 -14 26 -19z m-14928 -28 c-16 -16 -27 -21 -31 -14 -4 6 5 23 20 38 19 19
29 23 32 14 2 -7 -7 -24 -21 -38z m2582 28 c19 -12 6 -43 -16 -39 -21 4 -31
48 -11 48 7 0 19 -4 27 -9z m876 -16 c0 -13 -8 -21 -22 -23 -17 -3 -23 2 -23
16 0 10 3 22 7 26 13 13 38 1 38 -19z m11295 17 c0 -5 -6 -17 -14 -28 -12 -15
-17 -16 -27 -7 -10 10 -9 15 1 28 13 16 40 21 40 7z m142 -39 c-2 -7 -8 -13
-13 -13 -13 0 -31 39 -23 51 8 14 43 -22 36 -38z m-13754 14 c35 -37 38 -79 9
-112 -50 -58 -147 -23 -147 52 0 72 90 111 138 60z m2121 9 c9 -10 8 -16 -4
-26 -19 -15 -47 3 -38 26 7 18 27 18 42 0z m8050 -12 c6 -15 10 -27 9 -28 -2
-1 -16 -10 -31 -20 -27 -17 -30 -17 -48 0 -26 23 -24 36 9 56 37 24 47 22 61
-8z m3485 13 c4 4 11 1 16 -7 7 -10 10 -11 10 -2 0 20 20 13 29 -10 9 -26 -8
-45 -22 -25 -7 9 -10 9 -14 0 -7 -19 -33 -16 -34 5 0 10 -3 12 -6 5 -6 -16
-33 -17 -33 -2 0 6 5 19 11 30 8 15 14 18 23 10 7 -6 16 -8 20 -4z m-2055 -52
c0 -5 -6 1 -14 15 -8 14 -14 30 -14 35 0 6 6 -1 14 -15 8 -14 14 -29 14 -35z
m-10915 32 c16 -12 16 -14 2 -26 -18 -15 -32 -9 -39 19 -6 23 11 26 37 7z
m676 -2 c15 -18 5 -35 -21 -35 -12 0 -19 7 -19 18 0 33 20 42 40 17z m6050 -1
c0 -8 -4 -12 -10 -9 -5 3 -10 10 -10 16 0 5 5 9 10 9 6 0 10 -7 10 -16z m3387
-17 c20 -18 21 -21 6 -43 -19 -29 -21 -29 -57 1 -29 23 -29 24 -12 50 18 27
26 26 63 -8z m-8921 -4 c-3 -8 -6 -17 -6 -19 0 -2 -9 -4 -20 -4 -19 0 -28 28
-14 42 11 12 45 -5 40 -19z m50 7 c0 -12 -4 -16 -9 -11 -5 5 -6 14 -3 20 10
15 12 14 12 -9z m111 9 c16 -16 5 -39 -18 -39 -20 0 -23 8 -13 34 7 19 16 20
31 5z m5218 -9 c4 -6 -12 -9 -42 -9 -47 2 -47 2 -13 9 19 4 38 8 42 9 4 0 10
-3 13 -9z m-6887 -28 c-5 -27 -28 -26 -26 1 1 16 7 23 16 20 7 -3 12 -12 10
-21z m150 13 c13 -4 22 -14 22 -26 0 -11 6 -34 14 -52 12 -31 12 -35 -14 -66
l-28 -33 -26 35 c-26 34 -44 112 -32 142 3 10 13 14 23 11 10 -2 28 -7 41 -11z
m90 -13 c2 -14 -2 -22 -12 -22 -19 0 -28 14 -20 35 9 21 28 14 32 -13z m2342
18 c-8 -5 -19 -10 -25 -10 -5 0 -3 5 5 10 8 5 20 10 25 10 6 0 3 -5 -5 -10z
m1580 -6 c23 -9 39 -18 37 -21 -3 -2 -26 5 -53 16 -27 11 -43 20 -37 20 7 1
31 -6 53 -15z m1185 -29 c-72 -36 -95 -42 -95 -26 0 5 13 12 30 16 16 4 46 15
67 25 21 11 45 19 53 19 8 0 -16 -15 -55 -34z m1418 28 c-7 -2 -19 -2 -25 0
-7 3 -2 5 12 5 14 0 19 -2 13 -5z m162 -3 c3 -6 -1 -7 -9 -4 -18 7 -21 14 -7
14 6 0 13 -4 16 -10z m-5815 -13 c0 -7 -6 -21 -13 -31 -12 -16 -14 -16 -26 -2
-7 9 -11 23 -7 31 7 18 46 20 46 2z m5428 0 c7 -8 8 -18 1 -27 -5 -8 -9 -53
-9 -100 2 -187 0 -250 -10 -250 -6 0 -10 63 -10 169 0 94 -3 172 -7 174 -5 2
-25 2 -45 0 l-38 -5 1 -165 c0 -154 -3 -184 -16 -171 -3 3 -6 79 -8 169 l-2
164 -45 -4 c-25 -1 -42 0 -39 4 10 10 160 34 175 28 8 -3 17 2 20 11 7 19 18
20 32 3z m112 4 c0 -13 -21 -19 -44 -13 -20 5 -20 5 0 13 27 11 44 11 44 0z
m47 3 c-3 -3 -12 -4 -19 -1 -8 3 -5 6 6 6 11 1 17 -2 13 -5z m-4907 -13 c0
-20 -13 -41 -25 -41 -18 0 -28 17 -21 35 6 16 46 21 46 6z m168 -13 c-2 -15
-10 -23 -23 -23 -13 0 -21 8 -23 23 -3 18 1 22 23 22 22 0 26 -4 23 -22z
m1751 3 c-13 -10 -35 -22 -48 -26 -34 -10 -151 -88 -180 -119 -21 -22 -22 -26
-7 -32 9 -3 22 -4 30 -1 21 8 26 -16 7 -30 -9 -7 -30 -13 -48 -13 -35 0 -83
-18 -83 -32 0 -4 -6 -8 -14 -8 -9 0 -12 7 -9 20 5 19 0 20 -61 20 -68 0 -82
10 -48 36 10 8 46 13 93 14 65 0 81 4 110 25 89 65 216 145 231 145 9 0 20 5
23 10 3 6 11 10 17 10 6 0 0 -8 -13 -19z m3285 4 c11 -8 27 -15 37 -15 9 0 19
-9 22 -20 6 -24 -2 -25 -29 -5 -10 8 -27 15 -36 15 -10 0 -22 9 -28 20 -13 25
5 27 34 5z m889 -35 l-6 -24 -8 22 c-5 12 -6 29 -2 38 9 25 24 -7 16 -36z
m-6006 23 c4 -12 -35 -29 -44 -19 -8 8 18 37 30 33 6 -2 12 -8 14 -14z m137 9
c9 -15 -5 -48 -24 -60 -16 -10 -18 -9 -14 3 4 8 11 15 18 15 6 0 3 5 -7 11
-14 8 -16 14 -6 25 13 16 25 18 33 6z m2262 -13 c6 -10 -26 -12 -50 -3 -9 3
-16 9 -16 13 0 10 59 1 66 -10z m2824 -5 c0 -8 -4 -12 -10 -9 -5 3 -10 13 -10
21 0 8 5 12 10 9 6 -3 10 -13 10 -21z m895 -3 c-9 -16 -25 -3 -18 15 4 10 9
12 15 6 6 -6 7 -15 3 -21z m2555 -26 c23 -31 38 -61 34 -67 -4 -6 -3 -8 2 -5
6 3 20 -17 33 -44 18 -40 20 -53 10 -65 -10 -12 -9 -13 5 -8 9 3 16 2 16 -4 0
-6 3 -17 6 -25 3 -10 -4 -19 -23 -26 l-28 -11 28 5 c19 4 26 2 22 -5 -3 -5 -2
-10 3 -10 6 0 10 -10 9 -22 0 -13 3 -41 8 -62 7 -34 6 -38 -9 -33 -21 8 -21
-2 2 -19 11 -9 13 -16 7 -21 -6 -5 -11 -21 -12 -38 -2 -46 -17 -90 -31 -93 -8
-1 -11 2 -7 8 4 6 1 10 -6 9 -8 -1 -27 3 -42 9 -37 16 -40 15 -66 -9 -14 -13
-19 -25 -14 -30 12 -12 45 0 37 12 -3 5 0 9 6 9 7 0 9 -8 5 -21 -6 -18 -4 -20
17 -14 12 4 26 13 30 19 6 8 8 8 8 -1 0 -7 -8 -17 -17 -22 -15 -9 -12 -10 15
-11 22 0 32 -5 32 -15 0 -8 -4 -15 -10 -15 -5 0 -10 -6 -10 -13 0 -7 -9 -18
-21 -25 -13 -9 -18 -19 -14 -30 3 -9 3 -13 -1 -10 -4 4 -15 3 -25 -2 -22 -13
-52 -2 -45 16 3 8 1 14 -4 14 -15 0 -22 -20 -12 -33 5 -7 8 -20 7 -29 -3 -19
10 -25 19 -9 3 5 15 11 26 14 11 3 18 1 14 -4 -3 -5 -12 -9 -20 -9 -8 0 -12
-5 -9 -10 8 -13 -14 -42 -25 -35 -5 3 -12 -4 -15 -16 -4 -11 -9 -18 -13 -15
-3 3 -13 -1 -23 -9 -15 -15 -19 -14 -39 12 -12 15 -24 26 -28 23 -3 -3 -9 7
-13 23 -6 21 -4 27 8 27 10 0 13 6 9 18 -6 16 -5 16 8 0 15 -20 31 -25 20 -6
-5 8 -2 9 10 5 9 -4 14 -3 11 2 -3 5 3 12 13 15 18 6 33 29 47 71 5 15 3 17
-6 8 -6 -6 -17 -9 -24 -7 -6 3 -18 -2 -25 -11 -7 -8 -25 -15 -39 -15 -15 0
-36 -7 -47 -16 -18 -15 -18 -15 11 -10 28 6 29 5 11 -9 -11 -8 -27 -15 -37
-15 -9 0 -25 -12 -34 -27 -10 -16 -32 -40 -49 -55 -17 -15 -25 -27 -18 -28 6
0 12 -5 12 -10 0 -6 -6 -10 -12 -8 -22 4 -59 -13 -55 -25 2 -7 18 -13 35 -15
25 -3 31 0 26 12 -4 11 2 19 20 26 14 5 31 23 38 39 l13 30 29 -25 c15 -14 25
-28 22 -31 -3 -4 -13 2 -20 13 -13 16 -17 17 -28 5 -8 -8 -8 -11 -1 -7 6 3 18
-3 27 -15 9 -13 19 -18 27 -14 9 6 11 2 7 -13 -4 -12 -3 -20 2 -17 4 3 10 -2
14 -10 4 -11 -1 -15 -18 -15 -12 0 -26 -3 -30 -7 -4 -5 -29 -9 -54 -10 -26 0
-53 -2 -59 -2 -7 -1 -13 -11 -13 -23 0 -19 -2 -20 -10 -8 -8 13 -10 13 -10 -2
0 -12 -9 -17 -27 -18 -16 0 -65 -2 -111 -4 -83 -4 -207 19 -236 43 -7 6 -15 8
-18 5 -4 -3 -20 2 -38 11 -17 9 -38 14 -46 11 -12 -5 -12 -2 -3 17 6 12 8 19
4 15 -5 -4 -14 -3 -22 3 -16 14 2 43 20 32 6 -3 7 -1 3 5 -4 6 2 21 13 34 47
56 131 174 131 184 0 7 6 14 14 17 7 3 33 33 57 66 38 53 47 60 69 55 61 -15
99 -7 132 28 26 28 29 37 26 82 -3 28 -8 59 -12 68 -6 13 31 55 163 187 94 94
175 171 180 171 6 0 29 -25 51 -55z m-13375 23 c-19 -66 -90 -121 -144 -113
-68 10 -91 17 -91 26 0 12 27 12 35 -1 3 -5 23 -9 43 -9 34 2 34 2 7 6 -47 7
-49 18 -2 15 35 -2 47 2 73 27 18 16 34 28 37 25 2 -3 2 7 0 21 -5 22 -2 25
22 25 23 0 25 -3 20 -22z m3179 13 c3 -4 0 -15 -7 -24 -15 -21 -43 -6 -34 17
7 17 32 22 41 7z m226 -6 c0 -8 -7 -15 -15 -15 -16 0 -20 12 -8 23 11 12 23 8
23 -8z m448 -13 c3 -16 -2 -22 -16 -22 -28 0 -45 23 -29 39 17 17 42 9 45 -17z
m1462 19 c-8 -5 -26 -12 -40 -15 -24 -7 -24 -6 -6 8 11 9 29 16 40 16 17 -1
18 -2 6 -9z m5340 0 c0 -6 -4 -13 -10 -16 -5 -3 -10 1 -10 9 0 9 5 16 10 16 6
0 10 -4 10 -9z m110 -6 c0 -8 -4 -15 -10 -15 -5 0 -10 7 -10 15 0 8 5 15 10
15 6 0 10 -7 10 -15z m1728 -16 c12 -18 11 -24 -9 -45 -26 -28 -36 -29 -63 -9
-18 14 -18 15 8 49 28 37 43 38 64 5z m-7960 -7 c3 -16 -2 -22 -17 -22 -24 0
-35 15 -27 36 9 23 40 13 44 -14z m5672 -81 c0 -118 4 -141 27 -141 10 0 14
10 12 33 -3 51 0 101 7 94 3 -3 6 -35 6 -71 0 -61 17 -110 34 -94 4 4 7 39 6
78 0 38 4 70 9 70 10 0 12 -19 9 -93 -2 -64 8 -107 26 -107 12 0 15 15 14 78
-2 127 0 166 8 158 4 -4 7 -69 7 -144 0 -135 0 -137 23 -140 13 -2 21 -9 19
-15 -2 -6 6 -20 17 -30 12 -9 0 -5 -25 10 -26 16 -45 31 -43 34 6 11 -34 41
-45 34 -6 -3 -16 5 -23 19 -14 32 -35 34 -41 4 -4 -19 -4 -18 -6 5 -1 33 -17
67 -31 67 -6 0 -10 -22 -10 -50 0 -27 -4 -50 -9 -50 -14 0 -22 30 -12 47 4 9
5 32 1 52 -5 20 -7 47 -5 61 2 14 4 64 4 113 1 51 5 87 11 87 6 0 10 -43 10
-109z m2083 102 c-7 -2 -21 -2 -30 0 -10 3 -4 5 12 5 17 0 24 -2 18 -5z m1797
-28 c0 -5 -5 -3 -10 5 -5 8 -10 20 -10 25 0 6 5 3 10 -5 5 -8 10 -19 10 -25z
m-9747 3 c6 -22 -9 -41 -28 -35 -16 6 -18 39 -3 48 20 13 25 11 31 -13z
m-3333 -3 c0 -16 -27 -32 -37 -22 -3 4 -3 13 0 22 8 20 37 20 37 0z m2090 -16
c0 -21 -1 -22 -24 -13 -19 7 -21 30 -3 37 18 6 27 -2 27 -24z m6023 24 c-7 -2
-19 -2 -25 0 -7 3 -2 5 12 5 14 0 19 -2 13 -5z m-5419 -28 c9 -14 23 -25 32
-25 8 0 12 -5 9 -10 -3 -6 7 -18 24 -28 33 -18 37 -32 18 -74 l-12 -27 -40 19
c-52 24 -66 37 -98 85 -34 50 -34 58 1 72 41 16 48 15 66 -12z m1531 15 c-3
-5 -12 -10 -18 -10 -7 0 -6 4 3 10 19 12 23 12 15 0z m3835 6 c0 -2 -62 -11
-137 -21 -76 -10 -141 -21 -145 -24 -8 -7 98 -101 113 -101 5 0 9 -5 9 -12 0
-6 10 -25 23 -42 13 -17 34 -55 48 -83 27 -59 54 -73 144 -73 l50 0 1 -35 c1
-39 -6 -41 -98 -26 -26 4 -51 5 -56 2 -5 -3 -12 -26 -16 -49 -3 -24 -15 -61
-26 -83 -11 -21 -20 -44 -20 -52 0 -8 -9 -22 -20 -32 -13 -12 -20 -14 -20 -5
0 10 -3 10 -15 0 -8 -7 -12 -16 -9 -21 3 -5 0 -9 -5 -9 -14 0 -14 17 0 25 6 4
8 13 5 20 -2 7 1 16 8 18 15 6 66 100 66 122 0 10 5 13 13 9 8 -6 8 -3 -1 9
-8 9 -11 21 -7 27 12 20 -15 38 -70 45 -60 7 -67 12 -59 41 4 16 12 18 55 15
28 -1 55 1 59 5 5 5 -6 40 -25 78 -24 51 -53 87 -110 141 l-77 74 33 6 c128
22 289 40 289 31z m863 -13 c10 -10 24 -18 31 -18 17 0 76 -51 76 -65 0 -7
-17 2 -37 18 -21 16 -51 35 -67 43 -16 8 -31 20 -34 27 -5 17 8 15 31 -5z
m-2251 -3 c163 -19 338 -94 367 -157 41 -89 -22 -173 -167 -222 -125 -43 -334
-67 -449 -51 -116 15 -228 52 -296 97 -46 31 -58 45 -67 80 -34 120 94 218
325 248 127 16 179 17 287 5z m-7922 -4 c0 -3 -4 -8 -10 -11 -5 -3 -10 -1 -10
4 0 6 5 11 10 11 6 0 10 -2 10 -4z m804 -11 c-4 -8 -8 -15 -10 -15 -2 0 -4 7
-4 15 0 8 4 15 10 15 5 0 7 -7 4 -15z m89 8 c-7 -2 -19 -2 -25 0 -7 3 -2 5 12
5 14 0 19 -2 13 -5z m4103 -7 c3 -8 2 -22 -3 -30 -13 -23 -47 2 -37 27 8 21
33 22 40 3z m8039 4 c3 -5 2 -10 -4 -10 -5 0 -13 5 -16 10 -3 6 -2 10 4 10 5
0 13 -4 16 -10z m-13005 -4 c0 -3 -4 -8 -10 -11 -5 -3 -10 -1 -10 4 0 6 5 11
10 11 6 0 10 -2 10 -4z m4252 -28 c20 -13 25 -25 25 -58 0 -22 -4 -43 -9 -47
-6 -3 -7 3 -3 16 8 25 -7 28 -29 6 -23 -23 -97 -55 -128 -55 -26 0 -28 3 -28
45 0 34 4 45 15 45 28 0 95 39 89 53 -7 19 36 16 68 -5z m766 -13 c-3 -3 -9 2
-12 12 -6 14 -5 15 5 6 7 -7 10 -15 7 -18z m-1418 7 c0 -4 -13 -29 -29 -54
-46 -72 -125 -123 -206 -135 -31 -4 -45 -2 -45 6 0 6 6 11 13 11 7 0 37 7 66
16 60 17 141 85 161 134 11 27 40 42 40 22z m994 -8 c9 -24 -13 -47 -30 -33
-17 14 -18 36 -1 42 21 9 25 8 31 -9z m-3540 -15 c-8 -14 -64 -11 -64 4 0 9
11 12 35 9 19 -2 32 -8 29 -13z m156 1 c0 -5 -4 -10 -10 -10 -5 0 -10 5 -10
10 0 6 5 10 10 10 6 0 10 -4 10 -10z m3708 -21 c4 -19 -27 -34 -41 -20 -14 14
0 43 20 39 10 -2 19 -10 21 -19z m5389 -9 c10 -11 25 -20 35 -20 23 0 45 -40
28 -50 -9 -5 -11 -21 -8 -46 3 -22 2 -50 -2 -64 l-8 -25 -1 27 c-1 15 -5 38
-10 52 -7 16 -7 26 0 28 15 5 -1 58 -17 58 -11 0 -14 -18 -14 -80 0 -101 -19
-108 -22 -7 -2 108 -3 121 -11 135 -13 20 12 14 30 -8z m3423 -69 c11 -35 20
-75 19 -90 0 -14 -6 1 -14 34 -7 33 -20 78 -29 99 -18 43 -21 58 -6 36 6 -8
19 -44 30 -79z m-9062 41 c-3 -11 -12 -16 -28 -14 -32 3 -34 6 -19 30 10 16
17 18 32 11 10 -6 17 -18 15 -27z m299 24 c-17 -13 -17 -14 0 -20 17 -7 17 -8
0 -17 -10 -6 -30 -9 -45 -7 -25 4 -25 5 -7 13 11 5 26 17 33 27 7 10 19 18 25
18 7 0 4 -7 -6 -14z m4543 -116 l-6 -85 -4 85 c-3 47 -3 96 -1 110 l4 25 7
-25 c3 -14 3 -63 0 -110z m2200 120 c0 -5 -2 -10 -4 -10 -3 0 -8 5 -11 10 -3
6 -1 10 4 10 6 0 11 -4 11 -10z m893 -1 c12 -7 23 -13 25 -14 3 -3 -25 -63
-33 -73 -6 -8 -55 19 -55 31 0 19 24 67 33 67 5 0 18 -5 30 -11z m-6963 -7 c0
-5 12 -7 28 -6 61 7 232 10 232 5 0 -3 22 -4 50 -3 39 3 50 1 50 -11 0 -21
-51 -39 -99 -34 -23 2 -44 0 -47 -5 -4 -6 -16 -7 -28 -4 -11 4 -76 7 -143 8
-68 0 -123 4 -123 8 0 8 59 48 73 49 4 1 7 -3 7 -7z m-6213 -37 c32 -37 30
-87 -5 -126 -71 -79 -203 3 -162 101 26 64 122 78 167 25z m5407 19 c8 -21 -1
-34 -25 -34 -12 0 -19 7 -19 18 0 34 33 45 44 16z m406 12 c0 -10 -33 -36 -46
-36 -23 0 -16 15 14 27 15 6 28 11 30 12 1 1 2 -1 2 -3z m4442 -6 c7 -21 -4
-180 -13 -180 -5 0 -9 43 -9 95 0 52 4 95 9 95 5 0 11 -4 13 -10z m3518 0 c0
-5 -2 -10 -4 -10 -3 0 -8 5 -11 10 -3 6 -1 10 4 10 6 0 11 -4 11 -10z m-8452
-28 c3 -18 -1 -22 -22 -22 -19 0 -26 5 -26 18 0 39 43 43 48 4z m6006 7 c-3
-5 -10 -7 -15 -3 -5 3 -7 10 -3 15 3 5 10 7 15 3 5 -3 7 -10 3 -15z m57 -2
c-13 -13 -26 -3 -16 12 3 6 11 8 17 5 6 -4 6 -10 -1 -17z m59 2 c0 -5 -4 -9
-10 -9 -5 0 -10 7 -10 16 0 8 5 12 10 9 6 -3 10 -10 10 -16z m54 0 c-3 -5 -10
-7 -15 -3 -5 3 -7 10 -3 15 3 5 10 7 15 3 5 -3 7 -10 3 -15z m56 0 c0 -5 -4
-9 -10 -9 -5 0 -10 7 -10 16 0 8 5 12 10 9 6 -3 10 -10 10 -16z m57 -5 c-9 -9
-28 6 -21 18 4 6 10 6 17 -1 6 -6 8 -13 4 -17z m-8560 10 c-3 -3 -12 -4 -19
-1 -8 3 -5 6 6 6 11 1 17 -2 13 -5z m260 0 c-3 -3 -12 -4 -19 -1 -8 3 -5 6 6
6 11 1 17 -2 13 -5z m438 -4 c3 -6 -1 -7 -9 -4 -18 7 -21 14 -7 14 6 0 13 -4
16 -10z m705 0 c0 -5 -7 -7 -15 -4 -8 4 -15 8 -15 10 0 2 7 4 15 4 8 0 15 -4
15 -10z m4853 3 c-13 -2 -35 -2 -50 0 -16 2 -5 4 22 4 28 0 40 -2 28 -4z m894
1 c-3 -3 -12 -4 -19 -1 -8 3 -5 6 6 6 11 1 17 -2 13 -5z m290 0 c-3 -3 -12 -4
-19 -1 -8 3 -5 6 6 6 11 1 17 -2 13 -5z m170 0 c-3 -3 -12 -4 -19 -1 -8 3 -5
6 6 6 11 1 17 -2 13 -5z m1683 -4 c0 -5 -4 -10 -9 -10 -6 0 -13 5 -16 10 -3 6
1 10 9 10 9 0 16 -4 16 -10z m648 3 c-10 -2 -26 -2 -35 0 -10 3 -2 5 17 5 19
0 27 -2 18 -5z m409 1 c-3 -3 -12 -4 -19 -1 -8 3 -5 6 6 6 11 1 17 -2 13 -5z
m150 0 c-3 -3 -12 -4 -19 -1 -8 3 -5 6 6 6 11 1 17 -2 13 -5z m288 -14 c3 -5
2 -10 -4 -10 -5 0 -13 5 -16 10 -3 6 -2 10 4 10 5 0 13 -4 16 -10z m-8115 -30
c0 -5 -5 -10 -11 -10 -5 0 -7 5 -4 10 3 6 8 10 11 10 2 0 4 -4 4 -10z m3680
-17 c0 -13 -3 -13 -15 -3 -8 7 -12 16 -9 21 8 13 24 1 24 -18z m5507 5 c-3 -8
-6 -5 -6 6 -1 11 2 17 5 13 3 -3 4 -12 1 -19z m-13567 2 c-20 -13 -93 -13 -85
0 3 6 27 10 53 10 34 0 43 -3 32 -10z m440 0 c0 -5 -4 -10 -10 -10 -5 0 -10 5
-10 10 0 6 5 10 10 10 6 0 10 -4 10 -10z m4618 -2 c-3 -7 -13 -15 -24 -17 -16
-3 -17 -1 -5 13 16 19 34 21 29 4z m-2550 -36 c5 -15 -8 -15 -43 -2 -14 5 -24
14 -21 19 8 12 59 -2 64 -17z m6352 -33 c0 -21 -4 -39 -10 -39 -5 0 -10 21
-10 46 0 27 4 43 10 39 6 -3 10 -24 10 -46z m-230 -14 c0 -14 -4 -25 -10 -25
-11 0 -14 33 -3 43 11 11 13 8 13 -18z m2536 -2 c-7 -7 -26 7 -26 19 0 6 6 6
15 -2 9 -7 13 -15 11 -17z m2411 -65 c-2 -18 -4 -4 -4 32 0 36 2 50 4 33 2
-18 2 -48 0 -65z m-1771 51 c-3 -17 -6 -38 -6 -45 0 -9 -11 -14 -30 -14 -29 0
-30 2 -30 45 l0 45 36 0 c36 0 36 -1 30 -31z m1184 -70 c0 -38 -3 -68 -7 -66
-8 5 -5 137 3 137 2 0 4 -32 4 -71z m-5017 14 c-13 -2 -33 -2 -45 0 -13 2 -3
4 22 4 25 0 35 -2 23 -4z m5424 -2 c31 -1 32 -2 28 -38 -2 -21 -7 -67 -10
-103 -9 -92 -41 -211 -83 -310 -20 -47 -39 -87 -42 -90 -3 -3 -21 -29 -40 -59
-28 -45 -62 -90 -108 -146 -5 -5 -38 -37 -74 -71 -68 -62 -110 -94 -127 -94
-5 0 -41 48 -80 107 l-72 108 23 18 c73 57 118 100 118 113 0 8 4 13 8 10 13
-8 98 113 137 195 40 87 73 210 77 294 4 72 5 73 128 69 47 -1 99 -3 117 -3z
m-15784 -164 c18 -4 17 -5 -5 -6 l-28 -1 2 88 2 87 3 -82 c4 -75 6 -82 26 -86z
m15964 61 c-2 -13 -4 -3 -4 22 0 25 2 35 4 23 2 -13 2 -33 0 -45z m-8537 12
c0 -13 -1 -13 -10 0 -5 8 -10 22 -10 30 0 13 1 13 10 0 5 -8 10 -22 10 -30z
m6773 -27 c7 -43 8 -43 -29 -46 -24 -2 -29 2 -35 33 -9 43 -5 50 30 50 25 0
29 -5 34 -37z m1164 -5 c-3 -7 -5 -2 -5 12 0 14 2 19 5 13 2 -7 2 -19 0 -25z
m-13097 2 c0 -21 -42 -33 -90 -25 -14 2 -28 4 -32 4 -5 1 -8 10 -8 21 0 18 7
20 65 20 58 0 65 -2 65 -20z m6455 -5 c-65 -31 -83 -31 -25 0 25 13 52 24 60
24 8 0 -7 -11 -35 -24z m6745 4 c17 -13 18 -17 5 -10 -33 17 -51 31 -40 31 6
0 21 -10 35 -21z m-6606 -23 c-3 -15 -8 -25 -11 -23 -2 3 -1 17 3 31 3 15 8
25 11 23 2 -3 1 -17 -3 -31z m1228 5 c35 -16 80 -36 102 -45 21 -9 36 -20 32
-23 -3 -3 -12 -1 -20 6 -8 6 -24 14 -36 16 -24 5 -150 64 -150 71 0 7 9 4 72
-25z m-7482 -6 c0 -24 -3 -25 -60 -25 -57 0 -60 1 -60 25 0 24 3 25 60 25 57
0 60 -1 60 -25z m6040 1 c0 -8 -68 -46 -81 -46 -8 1 6 12 31 25 50 27 50 27
50 21z m1877 -18 c-3 -8 -6 -5 -6 6 -1 11 2 17 5 13 3 -3 4 -12 1 -19z m4830
0 c-3 -8 -6 -5 -6 6 -1 11 2 17 5 13 3 -3 4 -12 1 -19z m-128 -29 c-13 -24
-14 -24 -14 5 0 14 5 22 12 19 9 -4 10 -10 2 -24z m-12961 -1 c-3 -21 -9 -23
-65 -26 -62 -3 -63 -2 -63 23 0 24 2 25 66 25 62 0 65 -1 62 -22z m5939 -10
c11 -13 42 -42 68 -65 26 -24 43 -43 38 -43 -5 0 -18 8 -29 19 -15 13 -32 18
-59 15 -22 -1 -44 1 -51 6 -6 5 -74 8 -152 6 -111 -3 -139 -1 -129 8 14 15
152 40 222 40 42 1 50 4 47 19 -4 24 21 21 45 -5z m2330 0 c-3 -8 -6 -5 -6 6
-1 11 2 17 5 13 3 -3 4 -12 1 -19z m4808 -10 c-4 -18 -12 -37 -18 -43 -7 -7
-8 -4 -3 8 3 11 9 30 12 43 9 36 17 29 9 -8z m-6796 18 c-10 -9 -69 -36 -69
-32 0 7 52 35 64 36 5 0 7 -2 5 -4z m-5939 -31 c0 -24 -3 -25 -60 -25 -57 0
-60 1 -60 25 0 24 3 25 60 25 57 0 60 -1 60 -25z m12685 15 c3 -5 1 -10 -4
-10 -6 0 -11 5 -11 10 0 6 2 10 4 10 3 0 8 -4 11 -10z m-4980 -25 l30 -13 -32
-1 c-21 -1 -41 7 -54 20 l-21 21 24 -7 c12 -4 37 -13 53 -20z m-1478 -7 c-3
-8 -6 -5 -6 6 -1 11 2 17 5 13 3 -3 4 -12 1 -19z m1717 7 c3 -8 1 -15 -4 -15
-6 0 -10 7 -10 15 0 8 2 15 4 15 2 0 6 -7 10 -15z m-1794 -5 c0 -5 -10 -10
-22 -9 -22 0 -22 1 -3 9 11 5 21 9 23 9 1 1 2 -3 2 -9z m1290 -6 c0 -2 -9 -4
-20 -4 -11 0 -20 4 -20 9 0 5 9 7 20 4 11 -3 20 -7 20 -9z m2407 0 c3 -10 -12
-11 -50 -5 -5 0 -5 6 -2 12 9 13 47 8 52 -7z m1571 5 c32 -2 33 -3 9 -6 -28
-4 -28 -5 -11 -24 27 -30 2 -22 -36 12 -20 18 -27 28 -17 25 10 -3 35 -7 55
-7z m231 -24 l20 -35 -26 -17 c-24 -16 -26 -16 -40 3 -33 43 -34 52 -11 68 31
22 33 21 57 -19z m-11989 0 c0 -24 -2 -25 -65 -25 -63 0 -65 1 -65 25 0 24 2
25 65 25 63 0 65 -1 65 -25z m6640 21 c0 -2 -7 -6 -15 -10 -8 -3 -15 -1 -15 4
0 6 7 10 15 10 8 0 15 -2 15 -4z m492 -98 c-2 -57 -6 -105 -8 -107 -14 -14
-23 26 -26 112 -3 91 -2 97 17 97 19 0 20 -5 17 -102z m6031 95 c-7 -2 -19 -2
-25 0 -7 3 -2 5 12 5 14 0 19 -2 13 -5z m-12825 -45 c-2 -17 -9 -23 -28 -22
-14 1 -40 2 -57 3 -26 1 -33 5 -33 21 0 18 7 20 61 20 57 0 60 -1 57 -22z
m5339 16 c-3 -3 -12 -4 -19 -1 -8 3 -5 6 6 6 11 1 17 -2 13 -5z m-2476 -143
c0 -67 -1 -194 -3 -283 l-2 -163 -6 160 c-5 174 -2 420 6 412 3 -3 5 -59 5
-126z m104 -178 c-7 -479 -9 -508 -15 -218 -6 323 -2 525 10 525 6 0 7 -126 5
-307z m557 180 c2 -71 1 -249 -2 -398 -5 -267 -9 -239 -13 90 -1 94 -4 175 -6
180 -8 23 0 255 8 255 6 0 11 -56 13 -127z m2691 112 c-3 -9 -8 -14 -10 -11
-3 3 -2 9 2 15 9 16 15 13 8 -4z m1967 -8 c13 -5 13 -6 -1 -6 -8 -1 -24 6 -35
15 -19 15 -19 15 1 6 11 -5 27 -12 35 -15z m-2410 -27 c8 -5 10 -10 4 -10 -7
0 -22 9 -35 21 -19 16 -20 18 -4 10 11 -6 27 -15 35 -21z m-6110 1 c0 -21 -29
-30 -90 -28 -28 2 -36 6 -38 25 -3 21 0 22 62 22 58 0 66 -2 66 -19z m6061 2
c11 -13 11 -15 1 -9 -8 5 -26 12 -40 16 l-27 8 26 1 c15 1 33 -7 40 -16z
m2519 7 c13 -9 13 -10 0 -10 -8 0 -22 5 -30 10 -13 9 -13 10 0 10 8 0 22 -5
30 -10z m-8240 -35 c0 -25 -2 -26 -57 -23 -51 3 -58 6 -61 26 -3 21 0 22 57
22 59 0 61 -1 61 -25z m8287 19 c-3 -3 -12 -4 -19 -1 -8 3 -5 6 6 6 11 1 17
-2 13 -5z m-493 -10 c9 -3 13 -10 10 -15 -3 -5 4 -9 15 -9 32 0 50 -11 44 -26
-3 -8 0 -14 6 -14 6 0 11 5 11 10 0 6 13 4 30 -5 36 -18 40 -28 7 -16 -13 5
-30 9 -38 9 -8 -1 -25 0 -39 1 -24 2 -24 2 -6 16 24 18 8 20 -43 5 -33 -9 -33
-9 -15 11 16 17 16 22 4 29 -17 11 -9 13 14 4z m4623 -10 c-3 -3 -12 -4 -19
-1 -8 3 -5 6 6 6 11 1 17 -2 13 -5z m-6230 -26 c-3 -8 -6 -5 -6 6 -1 11 2 17
5 13 3 -3 4 -12 1 -19z m1573 17 c0 -3 -17 -12 -37 -20 -21 -9 -40 -21 -44
-27 -4 -6 -12 -7 -20 -2 -9 5 2 15 36 31 50 23 65 27 65 18z m621 -13 c-7 -2
-18 1 -23 6 -8 8 -4 9 13 5 13 -4 18 -8 10 -11z m3369 -7 c22 -23 22 -25 5
-51 l-17 -26 -34 33 c-32 31 -33 34 -17 51 22 24 35 23 63 -7z m-5865 -5 c22
-11 33 -19 25 -20 -9 0 -21 5 -28 12 -8 8 -15 8 -26 -1 -9 -7 -21 -11 -28 -8
-8 4 -7 6 5 6 9 1 17 5 17 10 0 5 -8 12 -17 14 -13 3 -13 5 -3 6 8 0 33 -8 55
-19z m6745 -10 c-11 -16 -26 -33 -32 -36 -7 -4 1 9 16 29 34 44 46 50 16 7z
m-12972 -7 c3 -22 0 -23 -62 -23 -64 0 -66 1 -66 25 0 25 1 26 63 23 56 -3 62
-5 65 -25z m5703 10 c13 -16 12 -17 -3 -4 -10 7 -18 15 -18 17 0 8 8 3 21 -13z
m3073 8 c4 -5 -3 -7 -14 -4 -23 6 -26 13 -6 13 8 0 17 -4 20 -9z m-8434 -36
c0 -24 -3 -25 -60 -25 -57 0 -60 1 -60 25 0 24 3 25 60 25 57 0 60 -1 60 -25z
m6177 3 c-3 -8 -6 -5 -6 6 -1 11 2 17 5 13 3 -3 4 -12 1 -19z m1563 18 c0 -2
-7 -6 -15 -10 -8 -3 -15 -1 -15 4 0 6 7 10 15 10 8 0 15 -2 15 -4z m2061 -13
c13 -16 12 -17 -3 -4 -10 7 -18 15 -18 17 0 8 8 3 21 -13z m-2156 -3 c3 -6 -1
-7 -9 -4 -18 7 -21 14 -7 14 6 0 13 -4 16 -10z m-4734 -118 c-9 -30 -16 9 -11
65 l4 58 6 -55 c3 -30 4 -61 1 -68z m200 72 c-2 -32 1 -49 10 -55 11 -7 11 -9
1 -9 -10 0 -13 -37 -12 -172 1 -95 0 -202 -2 -238 -1 -36 -5 41 -8 171 -5 246
-3 349 8 349 4 0 5 -21 3 -46z m4495 37 c-8 -12 -46 -21 -46 -11 0 5 8 11 18
13 29 8 33 7 28 -2z m161 3 c-3 -3 -12 -4 -19 -1 -8 3 -5 6 6 6 11 1 17 -2 13
-5z m4563 -14 c0 -5 -4 -10 -10 -10 -5 0 -10 5 -10 10 0 6 5 10 10 10 6 0 10
-4 10 -10z m-6297 -10 c7 0 6 -4 -3 -10 -9 -6 -17 -5 -21 2 -6 9 -13 8 -26 -3
-17 -13 -17 -13 -4 4 8 10 21 15 28 12 8 -3 20 -5 26 -5z m6417 0 c0 -5 -4
-10 -10 -10 -5 0 -10 5 -10 10 0 6 5 10 10 10 6 0 10 -4 10 -10z m-12795 -25
c0 -18 -8 -20 -62 -23 -57 -3 -63 -1 -63 17 0 25 14 30 75 28 43 -2 50 -5 50
-22z m7901 7 c1 -7 0 -8 -3 -2 -2 5 -14 10 -26 10 -16 0 -18 -3 -9 -9 9 -5 3
-8 -17 -7 -36 1 -41 13 -8 19 35 7 60 3 63 -11z m2289 -2 c10 -11 16 -20 13
-20 -3 0 -13 9 -23 20 -10 11 -16 20 -13 20 3 0 13 -9 23 -20z m2855 -58 c0
-4 -33 -5 -72 -2 l-73 4 60 6 59 5 -27 18 c-15 9 -27 22 -27 28 0 6 18 -4 40
-21 22 -17 40 -35 40 -38z m-12700 33 c0 -24 -3 -25 -60 -25 -57 0 -60 1 -60
25 0 24 3 25 60 25 57 0 60 -1 60 -25z m-2623 -127 c-2 -29 -3 -8 -3 47 0 55
1 79 3 53 2 -26 2 -71 0 -100z m10060 136 c-3 -3 -12 -4 -19 -1 -8 3 -5 6 6 6
11 1 17 -2 13 -5z m2463 -44 c0 -5 12 -22 26 -39 14 -17 22 -31 17 -31 -4 0
-19 16 -33 35 -14 19 -31 35 -38 35 -7 0 -11 4 -7 10 6 10 35 2 35 -10z m120
4 c0 -2 -26 -4 -57 -3 -34 0 -50 3 -40 7 17 7 97 4 97 -4z m3222 -6 c-7 -7
-12 -8 -12 -2 0 14 12 26 19 19 2 -3 -1 -11 -7 -17z m-13762 -3 c0 -12 -13
-15 -60 -15 -47 0 -60 3 -60 15 0 12 13 15 60 15 47 0 60 -3 60 -15z m180 -9
c0 -30 -17 -37 -80 -29 -44 5 -50 9 -50 29 0 23 3 24 65 24 62 0 65 -1 65 -24z
m9377 17 c-20 -2 -52 -2 -70 0 -17 2 0 4 38 4 39 0 53 -2 32 -4z m406 0 c-68
-2 -178 -2 -245 0 -68 1 -13 3 122 3 135 0 190 -2 123 -3z m294 1 c-3 -3 -12
-4 -19 -1 -8 3 -5 6 6 6 11 1 17 -2 13 -5z m1891 -1 c-21 -2 -55 -2 -75 0 -21
2 -4 4 37 4 41 0 58 -2 38 -4z m-11628 -38 c0 -24 -3 -25 -60 -25 -57 0 -60 1
-60 25 0 24 3 25 60 25 57 0 60 -1 60 -25z m14651 5 l939 0 0 -31 c0 -22 -9
-40 -30 -59 -35 -33 -38 -57 -9 -94 26 -33 70 -35 99 -4 27 30 25 64 -7 96
-16 15 -28 41 -30 60 l-4 33 63 -3 63 -3 3 -267 2 -268 -50 0 -50 0 0 58 c0
32 5 63 11 69 6 6 9 21 7 34 -2 19 -9 24 -33 24 -24 0 -31 -5 -33 -24 -2 -15
3 -28 12 -33 12 -7 16 -24 16 -68 0 -59 -1 -60 -27 -60 -661 -10 -737 -11
-1485 -10 l-608 0 0 275 0 274 78 4 c42 2 90 2 106 0 16 -2 451 -3 967 -3z
m-2318 -7 c-7 -2 -21 -2 -30 0 -10 3 -4 5 12 5 17 0 24 -2 18 -5z m-12853 -13
c0 -6 -27 -10 -60 -10 -33 0 -60 4 -60 10 0 6 27 10 60 10 33 0 60 -4 60 -10z
m3427 -157 c-2 -32 -3 -8 -3 52 0 61 1 87 3 58 2 -29 2 -78 0 -110z m163 -90
c0 -135 -2 -244 -5 -242 -2 3 -7 114 -11 247 -5 179 -4 242 5 242 8 0 11 -68
11 -247z m499 0 c-2 -176 -4 -226 -9 -173 -12 119 -12 420 0 420 6 0 9 -86 9
-247z m-3914 202 c0 -18 -8 -20 -62 -23 -62 -3 -63 -2 -63 23 0 25 1 26 63 23
54 -3 62 -5 62 -23z m-177 3 c-8 -23 -118 -21 -118 2 0 6 27 10 61 10 44 0 60
-3 57 -12z m522 -13 c0 -24 -3 -25 -60 -25 -57 0 -60 1 -60 25 0 24 3 25 60
25 57 0 60 -1 60 -25z m-520 -30 c0 -12 -13 -15 -60 -15 -47 0 -60 3 -60 15 0
12 13 15 60 15 47 0 60 -3 60 -15z m175 -30 c0 -18 -8 -20 -62 -23 -57 -3 -63
-1 -63 17 0 25 14 30 75 28 43 -2 50 -5 50 -22z m3352 -97 c-2 -24 -4 -5 -4
42 0 47 2 66 4 43 2 -24 2 -62 0 -85z m-3007 81 c0 -17 -7 -19 -60 -19 -53 0
-60 2 -60 19 0 17 8 20 53 23 63 4 67 2 67 -23z m-520 6 c0 -12 -13 -15 -60
-15 -47 0 -60 3 -60 15 0 12 13 15 60 15 47 0 60 -3 60 -15z m12585 -51 l50
-45 -46 29 c-46 31 -78 62 -63 62 5 0 32 -21 59 -46z m-9253 -46 c0 -40 -2
-118 -3 -173 l-3 -100 -5 100 c-6 107 -3 260 6 252 2 -3 5 -38 5 -79z m508
-93 c0 -113 -4 -175 -10 -175 -7 0 -10 59 -10 169 1 150 4 181 17 181 2 0 3
-79 3 -175z m299 -2 c-1 -133 -4 -164 -10 -123 -8 59 -10 280 -3 292 12 19 14
-3 13 -169z m51 0 c0 -97 -2 -174 -4 -172 -6 6 -13 339 -7 344 2 3 6 5 8 5 2
0 3 -79 3 -177z m100 -74 l-4 -104 -6 102 c-3 57 -3 138 0 180 l4 78 6 -76 c3
-42 3 -123 0 -180z m-4290 226 c0 -12 -13 -15 -60 -15 -55 0 -70 6 -53 23 3 4
30 7 60 7 40 0 53 -4 53 -15z m2827 -77 c-2 -18 -4 -4 -4 32 0 36 2 50 4 33 2
-18 2 -48 0 -65z m863 82 c0 -5 -2 -10 -4 -10 -3 0 -8 5 -11 10 -3 6 -1 10 4
10 6 0 11 -4 11 -10z m194 -157 c-3 -93 -8 -170 -10 -172 -2 -2 -4 73 -4 167
0 108 4 172 10 172 7 0 8 -58 4 -167z m-3197 150 c15 -6 13 -9 -12 -14 l-30
-7 28 -1 c15 0 27 -5 27 -11 0 -5 -12 -11 -27 -11 l-28 -1 30 -8 c17 -4 23 -8
15 -9 -10 -1 -11 -4 -4 -9 6 -4 11 -26 11 -49 l0 -43 -59 0 c-39 0 -58 4 -59
13 -5 102 -7 97 31 98 l35 2 -40 6 c-37 6 -38 7 -20 18 l20 12 -20 2 c-11 1
-2 5 20 9 59 11 62 11 82 3z m-507 -23 c0 -18 -7 -20 -65 -20 -58 0 -65 2 -65
20 0 18 7 20 65 20 58 0 65 -2 65 -20z m3097 -42 c-2 -13 -4 -3 -4 22 0 25 2
35 4 23 2 -13 2 -33 0 -45z m-2757 32 c0 -18 -7 -20 -60 -20 -53 0 -60 2 -60
20 0 18 7 20 60 20 53 0 60 -2 60 -20z m-522 -7 c3 -10 -13 -13 -57 -13 -57 0
-71 6 -54 24 12 12 106 2 111 -11z m2586 -8 c-6 -16 -24 -21 -24 -7 0 11 11
22 21 22 5 0 6 -7 3 -15z m1405 -130 c1 -93 -2 -145 -9 -145 -6 0 -10 52 -10
145 0 81 4 145 9 145 5 0 10 -65 10 -145z m253 -47 c-2 -54 -8 -98 -13 -98
-11 0 -13 273 -1 284 11 12 17 -76 14 -186z m9269 175 c13 -16 12 -17 -3 -4
-10 7 -18 15 -18 17 0 8 8 3 21 -13z m-13511 -33 c0 -6 -27 -10 -60 -10 -33 0
-60 4 -60 10 0 6 27 10 60 10 33 0 60 -4 60 -10z m175 -15 c0 -18 -8 -20 -62
-23 -62 -3 -63 -2 -63 23 0 25 1 26 63 23 54 -3 62 -5 62 -23z m347 0 c3 -14
0 -25 -6 -26 -6 0 -35 -2 -63 -3 -49 -1 -53 1 -53 21 0 19 6 22 48 26 26 2 52
4 58 5 7 1 14 -9 16 -23z m-175 -15 c1 -12 -5 -20 -15 -21 -15 -1 -15 -2 0 -6
26 -7 20 -53 -7 -54 -20 -1 -20 -1 0 -7 15 -5 20 -16 20 -44 l0 -38 -60 1
c-56 2 -58 2 -20 9 l40 7 -36 2 c-40 1 -50 13 -42 54 5 23 11 27 42 29 l36 1
-40 5 c-36 4 -38 6 -15 12 25 8 25 8 2 9 -13 1 -20 6 -17 11 3 6 2 10 -3 10
-6 0 -8 9 -5 20 5 17 14 20 62 20 50 0 57 -3 58 -20z m3184 -27 c-9 -15 -10
-12 -10 17 0 29 1 32 10 18 7 -12 7 -24 0 -35z m-3531 17 c0 -6 -27 -10 -60
-10 -33 0 -60 4 -60 10 0 6 27 10 60 10 33 0 60 -4 60 -10z m1630 0 c0 -5 -4
-10 -10 -10 -5 0 -10 5 -10 10 0 6 5 10 10 10 6 0 10 -4 10 -10z m50 0 c0 -5
-4 -10 -10 -10 -5 0 -10 5 -10 10 0 6 5 10 10 10 6 0 10 -4 10 -10z m50 0 c0
-5 -4 -10 -10 -10 -5 0 -10 5 -10 10 0 6 5 10 10 10 6 0 10 -4 10 -10z m100 0
c0 -5 -4 -10 -10 -10 -5 0 -10 5 -10 10 0 6 5 10 10 10 6 0 10 -4 10 -10z m50
0 c0 -5 -4 -10 -10 -10 -5 0 -10 5 -10 10 0 6 5 10 10 10 6 0 10 -4 10 -10z
m50 0 c0 -5 -4 -10 -10 -10 -5 0 -10 5 -10 10 0 6 5 10 10 10 6 0 10 -4 10
-10z m100 0 c0 -5 -4 -10 -10 -10 -5 0 -10 5 -10 10 0 6 5 10 10 10 6 0 10 -4
10 -10z m500 -6 c0 -8 -4 -12 -10 -9 -5 3 -10 10 -10 16 0 5 5 9 10 9 6 0 10
-7 10 -16z m55 6 c3 -5 -1 -10 -9 -10 -9 0 -16 5 -16 10 0 6 4 10 9 10 6 0 13
-4 16 -10z m50 0 c3 -5 -1 -10 -10 -10 -9 0 -13 5 -10 10 3 6 8 10 10 10 2 0
7 -4 10 -10z m201 -6 c-3 -9 -7 -39 -8 -67 l-1 -52 -6 60 c-7 65 -5 75 11 75
5 0 7 -7 4 -16z m454 9 c0 -5 -4 -14 -9 -21 -7 -11 -9 -11 -14 1 -3 8 -3 18 0
21 9 8 23 7 23 -1z m93 -55 c-6 -96 -11 -101 -12 -15 0 42 3 77 7 77 5 0 7
-28 5 -62z m57 54 c0 -13 -12 -22 -22 -16 -10 6 -1 24 13 24 5 0 9 -4 9 -8z
m250 -4 c0 -7 -5 -20 -10 -28 -8 -12 -10 -9 -10 13 0 15 5 27 10 27 6 0 10 -6
10 -12z m43 -80 c-6 -133 -10 -140 -12 -15 0 59 3 107 7 107 5 0 7 -42 5 -92z
m57 77 c0 -8 -4 -15 -10 -15 -5 0 -10 7 -10 15 0 8 5 15 10 15 6 0 10 -7 10
-15z m149 -92 c-2 -117 -7 -107 -11 25 -2 45 0 82 4 82 5 0 7 -48 7 -107z
m1814 96 c-14 -14 -843 -13 -857 1 -7 7 145 10 429 10 309 0 436 -3 428 -11z
m4682 1 c24 -6 18 -8 -30 -8 -33 0 -69 3 -80 8 -26 11 67 11 110 0z m155 0 c0
-5 -18 -10 -40 -10 -22 0 -40 5 -40 10 0 6 18 10 40 10 22 0 40 -4 40 -10z
m-8120 -4 c0 -3 -4 -8 -10 -11 -5 -3 -10 -1 -10 4 0 6 5 11 10 11 6 0 10 -2
10 -4z m-2296 -32 c10 -27 -3 -34 -65 -34 -51 0 -59 3 -59 18 0 28 9 32 66 32
38 0 53 -4 58 -16z m-174 -4 c0 -6 -27 -10 -60 -10 -33 0 -60 4 -60 10 0 6 27
10 60 10 33 0 60 -4 60 -10z m520 -15 c0 -25 -2 -26 -57 -23 -51 3 -58 6 -61
26 -3 21 0 22 57 22 59 0 61 -1 61 -25z m1902 3 c-7 -7 -12 -8 -12 -2 0 14 12
26 19 19 2 -3 -1 -11 -7 -17z m-1722 -8 c0 -5 -12 -11 -27 -11 l-28 -1 25 -7
c19 -4 26 -13 26 -31 0 -20 -7 -26 -31 -31 l-30 -6 33 -2 c58 -2 34 -21 -28
-21 -33 0 -60 4 -60 10 0 6 10 11 23 11 l22 2 -22 4 c-18 3 -23 11 -23 34 0
26 4 29 33 31 l32 1 -32 4 c-56 7 -36 23 27 23 33 0 60 -4 60 -10z m1700 6 c0
-2 -8 -10 -17 -17 -16 -13 -17 -12 -4 4 13 16 21 21 21 13z m-2400 -26 c0 -6
-27 -10 -60 -10 -33 0 -60 4 -60 10 0 6 27 10 60 10 33 0 60 -4 60 -10z m178
-41 c4 -22 -12 -26 -75 -21 -45 3 -53 7 -53 23 0 18 6 20 62 17 49 -2 64 -7
66 -19z m340 -1 c-3 -21 -9 -23 -58 -23 -49 0 -55 2 -58 23 -3 21 0 22 58 22
58 0 61 -1 58 -22z m-518 2 c0 -6 -27 -10 -60 -10 -33 0 -60 4 -60 10 0 6 27
10 60 10 33 0 60 -4 60 -10z m2827 -42 c-3 -8 -6 -5 -6 6 -1 11 2 17 5 13 3
-3 4 -12 1 -19z m150 -10 c-3 -7 -5 -2 -5 12 0 14 2 19 5 13 2 -7 2 -19 0 -25z
m250 -15 c-3 -10 -5 -2 -5 17 0 19 2 27 5 18 2 -10 2 -26 0 -35z m-3229 25
c-3 -8 -27 -14 -61 -16 -46 -2 -57 0 -57 13 0 12 13 15 61 15 44 0 60 -3 57
-12z m3129 -30 c-3 -7 -5 -2 -5 12 0 14 2 19 5 13 2 -7 2 -19 0 -25z m-2954 9
c10 -28 -9 -38 -64 -35 -47 3 -54 6 -57 26 -3 21 0 22 56 22 41 0 61 -4 65
-13z m150 6 c-18 -2 -48 -2 -65 0 -18 2 -4 4 32 4 36 0 50 -2 33 -4z m197 -18
c0 -24 -3 -25 -60 -25 -57 0 -60 1 -60 25 0 24 3 25 60 25 57 0 60 -1 60 -25z
m153 8 c-18 -2 -48 -2 -65 0 -18 2 -4 4 32 4 36 0 50 -2 33 -4z m-673 -18 c0
-12 -13 -15 -60 -15 -47 0 -60 3 -60 15 0 12 13 15 60 15 47 0 60 -3 60 -15z
m344 0 c-4 -11 -21 -15 -56 -15 -27 0 -47 4 -44 9 4 5 0 12 -6 14 -7 3 15 6
49 6 52 1 61 -2 57 -14z m351 -5 c-3 -5 -31 -10 -61 -10 -30 0 -54 5 -54 10 0
6 27 10 61 10 37 0 58 -4 54 -10z"/>
<path d="M15252 11388 c3 -43 3 -43 44 -46 52 -4 73 14 66 57 -4 30 -6 31 -59
31 l-54 0 3 -42z"/>
<path d="M7963 10525 l-794 -800 338 -5 c186 -3 1628 -6 3205 -5 l2868 0 72
72 72 72 -255 258 c-140 142 -290 293 -334 334 l-80 77 -381 7 -380 7 -394
391 -393 391 -1375 1 -1374 0 -795 -800z m1127 671 c0 -2 -11 -6 -25 -8 -14
-3 -25 -1 -25 3 0 5 11 9 25 9 14 0 25 -2 25 -4z m83 -13 c-7 -2 -21 -2 -30 0
-10 3 -4 5 12 5 17 0 24 -2 18 -5z m60 -10 c-7 -2 -19 -2 -25 0 -7 3 -2 5 12
5 14 0 19 -2 13 -5z m-173 -273 c3 -79 16 -110 49 -110 40 0 71 -11 65 -22 -4
-6 3 -8 17 -4 13 3 18 3 11 0 -9 -4 1 -16 28 -36 57 -42 44 -46 -18 -5 -48 33
-130 56 -152 42 -5 -3 -18 -1 -29 5 -14 7 -28 7 -48 -2 -15 -6 -33 -12 -40
-14 -23 -4 -71 -44 -102 -83 -86 -109 -84 -259 5 -376 31 -41 39 -43 55 -14 9
17 7 25 -11 44 -22 23 -22 63 0 50 6 -4 8 -11 5 -16 -3 -5 1 -6 9 -3 9 4 16 1
16 -6 0 -17 68 -80 87 -80 9 0 14 -2 11 -5 -3 -3 -25 -1 -48 4 -23 5 -48 7
-55 5 -20 -8 -25 -42 -9 -55 10 -8 12 -15 5 -22 -7 -7 -15 -6 -26 3 -8 7 -17
11 -18 9 -2 -2 -20 -25 -40 -50 -20 -25 -33 -50 -29 -54 4 -5 2 -5 -4 -2 -14
8 -57 -50 -50 -69 7 -17 62 -52 96 -61 14 -3 27 -10 30 -14 3 -5 33 -15 65
-23 33 -8 50 -15 37 -15 -56 -2 -251 87 -252 115 0 10 63 97 86 119 6 6 18 23
28 38 17 27 17 28 -19 70 -32 37 -34 43 -20 53 15 11 15 15 1 36 -14 21 -33
103 -28 121 1 4 -7 7 -18 7 -15 0 -20 7 -20 29 0 44 31 131 47 131 10 0 12 -7
8 -22 -3 -13 4 -6 15 16 20 35 67 84 115 120 20 15 20 15 -2 9 -13 -3 -23 -1
-23 3 1 17 46 41 103 53 l58 13 -5 171 c-4 148 -3 156 4 62 5 -60 9 -135 10
-165z m341 214 c87 -46 192 -143 255 -235 47 -68 48 -71 29 -85 -10 -8 -24
-14 -29 -14 -6 1 -1 6 11 13 l22 12 -29 51 c-60 107 -179 212 -303 270 -29 13
-46 24 -38 24 7 0 44 -16 82 -36z m511 -35 c16 -18 38 -19 635 -19 l618 0 315
-315 315 -315 435 0 c415 0 436 1 447 19 28 45 105 30 115 -24 12 -59 -67
-100 -107 -55 -18 19 -31 20 -459 20 l-440 0 -316 315 -315 315 -613 0 c-599
0 -612 0 -632 -20 -11 -11 -32 -20 -47 -20 -62 0 -85 71 -36 109 29 24 58 20
85 -10z m-1116 -92 c-10 -7 -40 -27 -65 -46 -25 -19 -39 -26 -31 -16 15 18 99
76 109 74 4 0 -3 -6 -13 -12z m102 -83 c19 -42 32 -78 30 -80 -5 -4 -14 13
-43 81 -10 22 -22 48 -27 58 -5 9 -5 17 -1 17 4 0 23 -34 41 -76z m317 48 c-3
-3 -11 0 -18 7 -9 10 -8 11 6 5 10 -3 15 -9 12 -12z m1385 -67 c0 -13 -31 -15
-220 -15 -189 0 -220 2 -220 15 0 13 31 15 220 15 189 0 220 -2 220 -15z m510
0 c0 -13 -31 -15 -220 -15 -189 0 -220 2 -220 15 0 13 31 15 220 15 189 0 220
-2 220 -15z m-2464 -22 l-25 -27 32 -29 c30 -28 13 -24 -27 6 -18 13 -18 15 4
45 13 18 28 32 32 32 5 0 -2 -12 -16 -27z m521 -9 c-3 -3 -12 -4 -19 -1 -8 3
-5 6 6 6 11 1 17 -2 13 -5z m1433 -29 c0 -13 -22 -15 -135 -15 -113 0 -135 2
-135 15 0 13 22 15 135 15 113 0 135 -2 135 -15z m330 0 c0 -13 -21 -15 -130
-15 -109 0 -130 2 -130 15 0 13 21 15 130 15 109 0 130 -2 130 -15z m-2100 -5
c0 -5 -4 -10 -10 -10 -5 0 -10 5 -10 10 0 6 5 10 10 10 6 0 10 -4 10 -10z
m430 -47 c72 -50 98 -86 80 -108 -34 -41 60 -6 233 87 11 5 21 7 23 5 3 -3
-26 -20 -63 -39 -48 -25 -67 -40 -65 -51 3 -18 -14 -24 -20 -7 -2 7 -22 3 -51
-10 -35 -16 -47 -26 -43 -37 3 -8 9 -27 12 -41 14 -57 26 -62 161 -62 72 0
122 -4 119 -9 -3 -5 -23 -7 -44 -4 -21 3 -55 0 -77 -6 -21 -6 -43 -7 -49 -2
-6 5 -22 8 -36 6 -22 -1 -26 -7 -31 -51 -11 -83 -48 -152 -61 -112 -3 7 -13
-2 -23 -19 -10 -18 -38 -47 -62 -64 -30 -23 -39 -35 -31 -40 10 -6 10 -11 2
-19 -8 -8 -4 -30 16 -83 61 -162 93 -227 110 -227 30 0 163 94 215 153 59 65
107 143 141 224 13 32 24 52 24 45 0 -23 -47 -127 -83 -182 -68 -104 -156
-184 -260 -237 -48 -24 -51 -24 -64 -7 -7 10 -13 22 -13 27 0 4 -11 32 -24 60
-13 29 -31 69 -40 90 -14 33 -17 36 -34 26 -23 -14 -52 -6 -52 15 0 7 11 17
25 20 26 7 31 21 17 44 -7 10 -15 10 -36 2 -41 -15 -96 -13 -102 5 -4 8 -14
15 -24 15 -22 0 -38 -89 -18 -101 10 -6 9 -11 -4 -21 -9 -7 -20 -34 -23 -60
-6 -40 -4 -47 12 -51 15 -4 14 -5 -4 -6 -28 -1 -28 4 -8 124 19 114 19 114 -2
122 -47 16 -106 44 -101 48 2 3 22 -4 43 -15 59 -30 83 -27 88 13 4 31 4 31 5
-5 2 -37 22 -52 37 -29 3 5 21 7 39 4 43 -7 69 8 71 41 1 29 0 29 -23 17 -27
-13 -82 -21 -82 -12 0 5 21 14 46 20 31 8 48 18 51 31 3 11 10 20 16 20 6 0
18 6 27 13 9 6 5 2 -8 -11 -14 -13 -21 -29 -18 -38 5 -13 11 -11 38 10 18 13
41 38 50 54 17 29 17 29 -7 26 -14 -1 -27 2 -31 7 -4 8 6 12 26 11 3 0 6 13 7
30 1 17 8 37 15 46 9 10 9 13 1 9 -6 -4 -14 -3 -18 3 -3 5 -2 10 4 10 5 0 16
3 25 6 12 5 16 -1 17 -22 2 -26 2 -27 6 -5 3 13 11 31 19 38 25 26 10 113 -20
113 -18 0 -60 56 -51 69 3 6 -10 22 -28 37 -23 18 -33 33 -30 45 6 23 12 24
43 2z m1340 -9 c0 -10 -15 -14 -60 -14 -46 0 -60 3 -60 14 0 11 14 16 48 18
57 4 72 0 72 -18z m190 0 c0 -10 -15 -14 -60 -14 -45 0 -60 3 -60 14 0 16 36
23 88 17 19 -2 32 -9 32 -17z m-1155 6 c-3 -5 -11 -10 -16 -10 -6 0 -7 5 -4
10 3 6 11 10 16 10 6 0 7 -4 4 -10z m-850 -64 l30 -29 -29 22 c-16 11 -34 21
-41 21 -7 0 -20 12 -30 26 l-16 25 28 -18 c15 -10 42 -31 58 -47z m665 6 c-28
-19 -42 -22 -47 -7 -2 6 9 18 24 27 37 22 57 5 23 -20z m-460 18 c-11 -7 -2
-8 28 -4 27 4 42 3 42 -4 0 -6 8 -13 18 -16 9 -2 4 -5 -13 -4 -50 0 -55 -1
-56 -19 0 -15 -2 -15 -9 2 -5 11 -9 14 -9 8 -1 -7 -11 -13 -24 -13 -13 0 -29
-6 -36 -12 -8 -7 -5 1 5 17 20 34 43 55 58 55 6 0 4 -5 -4 -10z m1543 -9 c52
-1 67 -4 67 -16 0 -12 -18 -15 -103 -15 -57 0 -107 3 -110 7 -14 13 14 29 45
27 18 -1 63 -3 101 -3z m310 0 c26 -1 37 -5 37 -16 0 -12 -18 -15 -105 -15
-84 0 -105 3 -105 14 0 18 18 22 84 19 28 -1 68 -2 89 -2z m-1605 -55 c20 -19
33 -38 29 -42 -4 -4 -18 5 -31 19 -14 15 -32 27 -41 27 -8 0 -15 7 -15 15 0
24 19 18 58 -19z m-906 -3 c41 -37 -3 -123 -57 -109 -16 5 -89 -63 -372 -347
-194 -193 -353 -355 -353 -360 0 -4 218 -7 484 -7 l484 1 23 25 c43 46 109 21
109 -42 0 -60 -71 -86 -108 -39 l-20 25 -533 0 -534 0 388 388 c284 284 386
392 382 404 -7 17 10 58 29 70 19 13 59 9 78 -9z m2268 -19 c0 -11 -30 -14
-160 -14 -134 0 -160 2 -160 15 0 12 25 15 143 17 159 3 177 2 177 -18z
m-1695 -3 c-8 -13 -32 -14 -39 -2 -4 5 3 7 14 4 12 -3 20 0 20 8 0 7 3 10 6 6
3 -3 3 -10 -1 -16z m2085 4 c0 -13 -24 -15 -160 -15 -136 0 -160 2 -160 15 0
13 24 15 160 15 136 0 160 -2 160 -15z m-1870 -5 c13 -9 13 -10 0 -10 -8 0
-22 5 -30 10 -13 9 -13 10 0 10 8 0 22 -5 30 -10z m-124 -26 c-30 -21 -44 -16
-17 7 13 11 27 17 30 13 3 -3 -3 -12 -13 -20z m87 -1 c-7 -2 -19 -2 -25 0 -7
3 -2 5 12 5 14 0 19 -2 13 -5z m1515 -25 c3 -17 -13 -18 -232 -18 -190 0 -236
3 -236 13 0 8 3 17 7 21 4 3 108 5 232 4 206 -3 226 -5 229 -20z m532 2 c0
-19 -7 -20 -230 -20 -223 0 -230 1 -230 20 0 19 7 20 230 20 223 0 230 -1 230
-20z m-2265 -7 c-4 -10 -10 -37 -12 -60 -4 -32 -10 -41 -23 -40 -12 1 -15 6
-10 17 5 8 13 34 19 58 7 23 17 42 22 42 7 0 8 -7 4 -17z m355 -26 c0 -6 -9
-2 -20 8 -11 10 -20 23 -20 28 0 6 9 2 20 -8 11 -10 20 -23 20 -28z m-103 -4
c12 -5 14 -3 8 8 -7 12 -6 12 7 1 9 -8 14 -20 11 -28 -5 -13 -8 -13 -23 1 -9
8 -24 15 -33 15 -9 0 -17 5 -17 11 0 6 7 8 15 5 8 -3 22 -9 32 -13z m-191 -39
c-4 -14 -9 -24 -12 -21 -3 2 -2 17 2 31 3 15 9 25 11 22 3 -3 2 -17 -1 -32z
m574 26 c0 -5 -4 -10 -10 -10 -5 0 -10 5 -10 10 0 6 5 10 10 10 6 0 10 -4 10
-10z m1098 -12 c3 -17 -11 -18 -177 -18 -144 0 -181 3 -181 13 0 8 3 17 7 21
4 3 84 5 177 4 153 -3 171 -5 174 -20z m430 0 c3 -17 -11 -18 -177 -18 -176 0
-181 1 -181 20 0 20 4 21 177 18 160 -3 178 -5 181 -20z m-2020 -35 c-1 -10 2
-29 6 -43 6 -18 5 -22 -3 -15 -15 15 -26 75 -13 75 6 0 10 -8 10 -17z m85 3
c7 -17 -18 -40 -33 -31 -5 3 -10 15 -10 26 0 23 35 27 43 5z m673 -26 c2 -34
1 -34 -3 -3 -4 31 -6 32 -56 36 l-52 4 55 -1 55 -1 1 -35z m-536 -11 c0 -16
-5 -29 -10 -29 -6 0 -8 11 -4 25 4 15 2 25 -5 25 -6 0 -11 4 -11 10 0 5 7 7
15 4 9 -4 15 -19 15 -35z m-96 -20 c-28 -31 -35 -22 -11 15 14 21 23 28 25 19
2 -8 -4 -23 -14 -34z m33 19 c-3 -7 -5 -2 -5 12 0 14 2 19 5 13 2 -7 2 -19 0
-25z m1431 10 c3 -17 -12 -18 -212 -18 -210 0 -216 1 -216 20 0 20 5 20 212
18 193 -3 213 -5 216 -20z m502 2 c0 -19 -7 -20 -215 -20 -208 0 -215 1 -215
20 0 19 7 20 215 20 208 0 215 -1 215 -20z m-2223 -26 c-3 -3 -12 -4 -19 -1
-8 3 -5 6 6 6 11 1 17 -2 13 -5z m83 -58 c0 -5 -6 -3 -13 3 -8 6 -16 8 -20 5
-3 -3 -3 4 0 15 5 20 6 20 19 4 7 -10 14 -22 14 -27z m797 -3 c-3 -10 -5 -2
-5 17 0 19 2 27 5 18 2 -10 2 -26 0 -35z m841 25 c3 -17 -11 -18 -187 -18
-116 0 -192 4 -196 10 -16 26 12 30 193 28 169 -3 187 -5 190 -20z m452 2 c0
-19 -7 -20 -190 -20 -183 0 -190 1 -190 20 0 19 7 20 190 20 183 0 190 -1 190
-20z m-1865 -43 c11 -12 8 -17 -17 -31 -16 -10 -32 -15 -35 -12 -4 3 -2 6 3 6
6 0 19 7 30 16 18 15 18 15 -3 5 -33 -16 -38 -13 -18 9 21 24 23 24 40 7z
m-224 -14 c13 -16 12 -17 -3 -4 -10 7 -18 15 -18 17 0 8 8 3 21 -13z m521 -13
c-4 -33 -15 -42 -34 -28 -12 10 -14 19 -7 36 12 32 45 25 41 -8z m1118 10 c0
-18 -7 -20 -79 -20 -44 0 -83 5 -86 10 -14 22 10 30 86 30 72 0 79 -2 79 -20z
m230 0 c0 -18 -7 -20 -80 -20 -73 0 -80 2 -80 20 0 18 7 20 80 20 73 0 80 -2
80 -20z m-1083 -22 c-3 -7 -5 -2 -5 12 0 14 2 19 5 13 2 -7 2 -19 0 -25z
m-678 6 c2 -2 -7 -4 -22 -4 -14 0 -29 5 -32 10 -6 10 42 4 54 -6z m3866 -304
c-242 -242 -284 -280 -310 -280 -27 0 -4 26 265 295 262 262 296 293 310 280
13 -14 -17 -46 -265 -295z m-721 275 c106 -32 167 -96 186 -193 6 -31 17 -69
25 -84 34 -61 0 -138 -61 -138 -14 0 -39 -9 -54 -20 -40 -28 -105 -50 -150
-50 -77 0 -164 46 -201 107 -13 21 -29 33 -43 33 -31 0 -46 19 -46 56 0 22 7
38 21 47 11 8 25 34 30 56 18 83 79 148 168 182 58 22 66 22 125 4z m-1616
-12 c-3 -16 -19 -18 -146 -21 -137 -2 -142 -2 -142 18 0 19 6 20 146 20 133 0
145 -1 142 -17z m357 -3 c0 -13 -24 -15 -142 -18 -139 -2 -143 -2 -143 18 0
20 4 20 143 18 118 -3 142 -5 142 -18z m2640 -480 l-59 -60 -408 0 c-224 0
-408 2 -408 6 0 3 118 122 263 264 l262 259 205 -204 205 -205 -60 -60z
m-4195 436 c0 -2 -8 -10 -17 -17 -16 -13 -17 -12 -4 4 13 16 21 21 21 13z
m1200 -16 c0 -19 -7 -20 -235 -20 -228 0 -235 1 -235 20 0 19 7 20 235 20 228
0 235 -1 235 -20z m530 0 c0 -19 -7 -20 -230 -20 -223 0 -230 1 -230 20 0 19
7 20 230 20 223 0 230 -1 230 -20z m-530 -60 c0 -19 -7 -20 -189 -20 -182 0
-212 5 -196 30 4 6 80 10 196 10 182 0 189 -1 189 -20z m450 0 c0 -19 -7 -20
-190 -20 -183 0 -190 1 -190 20 0 19 7 20 190 20 183 0 190 -1 190 -20z m-450
-60 c0 -20 -5 -20 -297 -18 -274 3 -298 4 -301 21 -3 16 16 17 297 17 295 0
301 0 301 -20z m665 0 c0 -13 -41 -15 -297 -18 -294 -2 -298 -2 -298 18 0 20
4 20 298 18 256 -3 297 -5 297 -18z m-2345 -10 c0 -5 -4 -10 -10 -10 -5 0 -10
5 -10 10 0 6 5 10 10 10 6 0 10 -4 10 -10z m197 -26 c-3 -3 -12 -4 -19 -1 -8
3 -5 6 6 6 11 1 17 -2 13 -5z m53 -4 c0 -5 -4 -10 -10 -10 -5 0 -10 5 -10 10
0 6 5 10 10 10 6 0 10 -4 10 -10z m-93 -6 c-3 -3 -12 -4 -19 -1 -8 3 -5 6 6 6
11 1 17 -2 13 -5z m837 -69 l23 -25 821 0 821 0 25 25 c30 30 66 32 91 5 59
-65 -34 -150 -95 -85 l-23 25 -820 0 -820 0 -23 -25 c-30 -32 -77 -34 -98 -3
-51 73 38 148 98 83z m-1024 1 c0 -3 -4 -8 -10 -11 -5 -3 -10 -1 -10 4 0 6 5
11 10 11 6 0 10 -2 10 -4z"/>
<path d="M8762 10540 c0 -14 2 -19 5 -12 2 6 2 18 0 25 -3 6 -5 1 -5 -13z"/>
<path d="M9280 10715 c13 -14 26 -25 28 -25 3 0 -5 11 -18 25 -13 14 -26 25
-28 25 -3 0 5 -11 18 -25z"/>
<path d="M9295 10663 c11 -18 23 -33 28 -33 11 0 -8 34 -29 51 -16 12 -16 10
1 -18z"/>
<path d="M9345 10452 c-12 -75 -100 -192 -143 -192 -14 0 -16 -26 -3 -34 15
-10 91 53 121 100 35 56 62 164 41 164 -5 0 -12 -17 -16 -38z"/>
<path d="M9311 10433 c-1 -6 -4 -20 -7 -30 -5 -17 -5 -17 6 0 6 10 9 23 6 30
-3 9 -5 9 -5 0z"/>
<path d="M12075 10256 c-44 -19 -102 -88 -115 -136 -9 -35 -9 -46 5 -67 11
-16 15 -36 12 -53 -5 -20 2 -36 25 -64 41 -50 95 -76 158 -76 65 0 135 33 124
58 -4 9 -9 34 -12 54 -3 30 1 42 22 62 14 15 36 26 52 26 25 0 26 2 20 41 -9
57 -48 114 -99 143 -49 29 -68 32 -97 14 -16 -10 -24 -10 -40 0 -23 14 -18 14
-55 -2z"/>
<path d="M2138 11323 c7 -3 16 -2 19 1 4 3 -2 6 -13 5 -11 0 -14 -3 -6 -6z"/>
<path d="M19807 11062 l-227 -227 -80 80 -80 80 -188 -193 -188 -192 -335 0
-335 0 -67 -68 -67 -68 0 -75 0 -75 53 -52 53 -52 294 0 294 0 106 -105 107
-105 299 0 299 0 144 -144 c80 -80 148 -143 153 -140 10 7 11 1551 0 1558 -5
3 -110 -97 -235 -222z"/>
<path d="M12913 10983 c9 -2 23 -2 30 0 6 3 -1 5 -18 5 -16 0 -22 -2 -12 -5z"/>
<path d="M13225 11033 l-16 -37 339 -338 338 -338 540 -1 c296 -1 555 -2 574
-3 47 -2 65 8 80 45 l13 31 -340 339 -340 339 -586 0 -587 0 -15 -37z m1182
-55 c60 -52 62 -56 44 -100 l-16 -38 -503 0 -503 0 -45 43 -45 42 18 42 18 43
497 0 497 0 38 -32z m-797 -213 c0 -33 -2 -35 -35 -35 -33 0 -35 2 -35 35 0
33 2 35 35 35 33 0 35 -2 35 -35z m130 -1 c0 -34 -1 -35 -31 -32 -28 3 -32 7
-35 36 -4 31 -2 32 31 32 33 0 35 -2 35 -36z m130 1 c0 -32 -2 -35 -30 -35
-28 0 -30 3 -30 35 0 32 2 35 30 35 28 0 30 -3 30 -35z m135 0 c0 -27 -4 -30
-32 -33 -32 -3 -33 -2 -33 33 0 35 1 36 33 33 28 -3 32 -6 32 -33z m135 -1 c0
-34 -1 -35 -32 -32 -29 3 -33 7 -36 36 -3 31 -2 32 32 32 35 0 36 -1 36 -36z
m130 0 c0 -34 -1 -35 -32 -32 -54 5 -53 68 2 68 28 0 30 -3 30 -36z m130 1 c0
-32 -2 -35 -30 -35 -17 0 -31 6 -32 13 -6 54 -5 57 33 57 27 0 29 -3 29 -35z
m130 0 c0 -32 -2 -35 -30 -35 -28 0 -30 3 -30 35 0 32 2 35 30 35 28 0 30 -3
30 -35z m135 0 c0 -27 -3 -30 -30 -30 -27 0 -30 4 -33 33 -3 32 -2 33 30 30
29 -3 33 -6 33 -33z m323 -372 c-8 -10 -47 -13 -149 -13 l-139 0 0 162 0 163
150 -150 c115 -115 147 -152 138 -162z m-1248 251 c0 -34 -1 -35 -32 -32 -54
5 -53 68 2 68 28 0 30 -3 30 -36z m130 1 c0 -32 -2 -35 -30 -35 -28 0 -30 3
-30 35 0 32 2 35 30 35 28 0 30 -3 30 -35z m135 0 c0 -27 -3 -30 -30 -30 -27
0 -30 4 -33 33 -3 32 -2 33 30 30 29 -3 33 -6 33 -33z m133 3 c-3 -29 -6 -33
-33 -33 -27 0 -30 4 -33 33 -3 31 -2 32 33 32 35 0 36 -1 33 -32z m130 0 c-3
-29 -6 -33 -33 -33 -21 0 -31 5 -33 18 -6 32 6 47 38 47 29 0 31 -2 28 -32z
m130 0 c-2 -28 -8 -34 -30 -36 -26 -3 -28 -1 -28 32 0 33 2 36 31 36 28 0 30
-2 27 -32z m134 8 c7 -34 -5 -48 -33 -44 -19 2 -25 10 -27 36 -3 30 -1 32 26
32 23 0 31 -5 34 -24z m133 13 c4 -5 4 -20 1 -33 -4 -18 -12 -23 -33 -22 -24
2 -28 7 -31 34 -3 30 -1 32 27 32 16 0 33 -5 36 -11z m-795 -144 c0 -32 -2
-35 -30 -35 -28 0 -30 3 -30 35 0 32 2 35 30 35 28 0 30 -3 30 -35z m135 0 c0
-27 -4 -30 -32 -33 -32 -3 -33 -2 -33 33 0 35 1 36 33 33 28 -3 32 -6 32 -33z
m133 3 c-3 -29 -6 -33 -33 -33 -27 0 -30 4 -33 33 -3 31 -2 32 33 32 35 0 36
-1 33 -32z m130 0 c-3 -29 -6 -33 -33 -33 -27 0 -30 4 -33 33 -3 31 -2 32 33
32 35 0 36 -1 33 -32z m130 0 c-2 -28 -8 -34 -30 -36 -18 -2 -29 2 -30 10 -4
38 -4 44 -1 51 2 4 18 7 34 7 28 0 30 -2 27 -32z m132 -4 c0 -33 -2 -35 -27
-32 -23 2 -29 8 -31 36 -3 30 -1 32 27 32 29 0 31 -3 31 -36z m138 4 c3 -22
-2 -29 -22 -34 -34 -8 -46 2 -46 37 0 28 2 30 33 27 26 -2 33 -8 35 -30z
m-660 -120 c-3 -29 -6 -33 -33 -33 -27 0 -30 4 -33 33 -3 31 -2 32 33 32 35 0
36 -1 33 -32z m130 0 c-3 -29 -6 -33 -33 -33 -27 0 -30 4 -33 33 -3 31 -2 32
33 32 35 0 36 -1 33 -32z m130 0 c-3 -29 -6 -33 -33 -33 -27 0 -30 4 -33 33
-3 31 -2 32 33 32 35 0 36 -1 33 -32z m132 3 c0 -23 -5 -30 -27 -34 -32 -6
-42 5 -35 39 3 19 11 24 33 24 25 0 29 -4 29 -29z m130 -4 c0 -29 -3 -33 -27
-32 -24 0 -28 5 -31 33 -3 30 -1 32 27 32 28 0 31 -3 31 -33z m140 4 c0 -24
-5 -29 -30 -33 -36 -5 -40 -3 -40 34 0 25 3 28 35 28 32 0 35 -3 35 -29z"/>
<path d="M13389 10959 c-9 -18 -6 -26 22 -55 l33 -34 487 0 488 0 7 22 c5 17
-1 29 -30 55 l-36 33 -480 0 c-477 0 -479 0 -491 -21z"/>
<path d="M12128 10983 c6 -2 18 -2 25 0 6 3 1 5 -13 5 -14 0 -19 -2 -12 -5z"/>
<path d="M2992 10243 c3 -57 3 -58 33 -58 30 0 30 1 30 55 0 55 0 55 -33 58
l-33 3 3 -58z"/>
<path d="M4630 10245 c0 -54 0 -55 30 -55 30 0 30 1 30 55 0 54 0 55 -30 55
-30 0 -30 -1 -30 -55z"/>
<path d="M3120 10280 c0 -5 7 -10 15 -10 8 0 15 5 15 10 0 6 -7 10 -15 10 -8
0 -15 -4 -15 -10z"/>
<path d="M4760 10280 c0 -5 5 -10 10 -10 6 0 10 5 10 10 0 6 -4 10 -10 10 -5
0 -10 -4 -10 -10z"/>
<path d="M3200 10210 c0 -5 5 -10 10 -10 6 0 10 5 10 10 0 6 -4 10 -10 10 -5
0 -10 -4 -10 -10z"/>
<path d="M4840 10210 c0 -5 5 -10 10 -10 6 0 10 5 10 10 0 6 -4 10 -10 10 -5
0 -10 -4 -10 -10z"/>
<path d="M14062 9768 c-26 -13 -37 -46 -28 -83 4 -17 17 -27 44 -34 54 -15
2858 -15 2901 0 52 18 56 94 6 117 -36 16 -2889 16 -2923 0z m162 -24 c9 -4
16 -18 16 -34 0 -34 -14 -40 -89 -40 -58 0 -81 11 -81 40 0 9 5 21 12 28 12
12 114 17 142 6z m270 0 c9 -4 16 -18 16 -34 0 -34 -14 -40 -89 -40 -58 0 -81
11 -81 40 0 9 5 21 12 28 12 12 114 17 142 6z m270 0 c9 -4 16 -18 16 -34 0
-34 -14 -40 -89 -40 -58 0 -81 11 -81 40 0 9 5 21 12 28 12 12 114 17 142 6z
m280 -16 c21 -34 -4 -53 -73 -56 -65 -3 -91 7 -91 37 0 32 22 42 89 39 48 -2
67 -7 75 -20z m270 0 c21 -34 -4 -53 -73 -56 -65 -3 -91 7 -91 37 0 32 22 42
89 39 48 -2 67 -7 75 -20z m270 0 c21 -34 -4 -53 -73 -56 -65 -3 -91 7 -91 37
0 32 22 42 89 39 48 -2 67 -7 75 -20z m270 0 c21 -34 -4 -53 -73 -56 -65 -3
-91 7 -91 37 0 32 22 42 89 39 48 -2 67 -7 75 -20z m270 0 c21 -34 -4 -53 -73
-56 -69 -3 -91 7 -91 43 0 30 12 34 89 32 49 -2 67 -6 75 -19z m270 0 c21 -34
-4 -53 -73 -56 -69 -3 -91 7 -91 43 0 30 12 34 89 32 49 -2 67 -6 75 -19z
m270 0 c20 -32 -4 -53 -64 -56 -80 -5 -100 3 -100 37 0 36 9 40 89 38 49 -2
67 -6 75 -19z m270 0 c20 -32 -4 -53 -64 -56 -80 -5 -100 3 -100 37 0 36 9 40
89 38 49 -2 67 -6 75 -19z"/>
<path d="M18205 8816 l-30 -24 0 -572 0 -572 28 -24 c28 -24 29 -24 262 -24
l233 0 26 31 26 31 0 279 c0 153 0 392 0 529 0 138 0 264 0 281 0 20 -10 40
-29 60 l-29 29 -229 0 c-226 0 -228 0 -258 -24z m400 -356 c86 0 92 -1 104
-24 10 -18 10 -29 2 -45 -11 -21 -17 -21 -251 -21 -226 0 -240 1 -250 19 -15
28 -13 38 11 62 21 21 28 22 157 15 74 -3 176 -6 227 -6z m93 -256 c26 -18 28
-41 5 -66 -15 -16 -36 -18 -244 -18 -194 0 -230 2 -243 16 -22 22 -20 50 6 68
19 13 59 16 238 16 179 0 219 -3 238 -16z m4 -251 c24 -22 23 -49 -4 -67 -34
-24 -453 -23 -480 1 -22 20 -23 46 -2 67 13 14 49 16 241 16 197 0 229 -2 245
-17z m-11 -117 c29 -14 36 -48 14 -70 -14 -14 -48 -16 -251 -16 l-234 0 -12
25 c-9 19 -7 29 6 50 l17 26 218 -2 c144 -1 227 -5 242 -13z m13 -132 c9 -8
16 -24 16 -33 0 -41 -23 -46 -252 -49 -189 -3 -222 -2 -243 12 -27 18 -31 36
-15 67 10 18 24 19 245 19 199 0 236 -2 249 -16z"/>
<path d="M17765 6340 c3 -5 8 -10 11 -10 2 0 4 5 4 10 0 6 -5 10 -11 10 -5 0
-7 -4 -4 -10z"/>
<path d="M17728 6333 c7 -3 16 -2 19 1 4 3 -2 6 -13 5 -11 0 -14 -3 -6 -6z"/>
<path d="M18680 5501 c-83 -26 -142 -92 -155 -172 -8 -47 15 -122 50 -162 76
-86 228 -87 306 -1 83 92 58 252 -49 311 -43 24 -116 36 -152 24z"/>
<path d="M16756 5231 c-4 -7 -5 -15 -2 -18 9 -9 19 4 14 18 -4 11 -6 11 -12 0z"/>
<path d="M3800 4715 c0 -8 5 -15 10 -15 6 0 10 7 10 15 0 8 -4 15 -10 15 -5 0
-10 -7 -10 -15z"/>
<path d="M18691 2614 c0 -11 3 -14 6 -6 3 7 2 16 -1 19 -3 4 -6 -2 -5 -13z"/>
<path d="M18632 2470 c0 -14 2 -19 5 -12 2 6 2 18 0 25 -3 6 -5 1 -5 -13z"/>
<path d="M18593 2373 c9 -2 25 -2 35 0 9 3 1 5 -18 5 -19 0 -27 -2 -17 -5z"/>
<path d="M18132 3288 c2 -18 8 -33 13 -33 6 0 11 15 13 33 3 24 -1 32 -13 32
-12 0 -16 -8 -13 -32z"/>
<path d="M5210 3095 l0 -215 745 0 745 0 -2 213 -3 212 -742 3 -743 3 0 -216z
m1378 166 c3 -21 1 -23 -25 -17 -15 3 -74 7 -131 8 l-103 1 -42 -41 -43 -42
-194 2 -195 3 191 2 190 3 44 45 44 45 107 0 c65 0 110 4 114 11 12 18 40 5
43 -20z m-485 -121 c217 0 303 3 317 12 23 15 46 -1 37 -26 -7 -18 -42 -22
-52 -6 -4 6 -117 10 -308 10 l-301 0 -38 37 c-21 20 -38 42 -38 47 0 6 19 -9
43 -32 l43 -42 297 0z m102 -150 l59 -60 168 0 c113 0 168 4 168 11 0 6 10 9
23 7 14 -2 22 -10 22 -23 0 -13 -8 -21 -22 -23 -13 -2 -23 1 -23 7 0 7 -56 11
-172 11 l-171 0 -63 60 -62 60 -159 0 -159 0 -39 -40 c-21 -22 -44 -40 -49
-40 -6 0 10 20 34 45 l44 45 171 0 171 0 59 -60z"/>
<path d="M18229 3225 c-1 -3 -1 -14 -1 -25 0 -34 2 -40 12 -40 6 0 10 16 10
35 0 19 -4 35 -10 35 -5 0 -10 -2 -11 -5z"/>
<path d="M9450 2700 c0 -5 5 -10 11 -10 5 0 7 5 4 10 -3 6 -8 10 -11 10 -2 0
-4 -4 -4 -10z"/>
<path d="M6800 2720 c0 -23 4 -30 20 -30 16 0 20 7 20 30 0 23 -4 30 -20 30
-16 0 -20 -7 -20 -30z"/>
<path d="M6920 2720 c0 -23 4 -30 20 -30 16 0 20 7 20 30 0 23 -4 30 -20 30
-16 0 -20 -7 -20 -30z"/>
<path d="M7000 2719 c0 -24 4 -30 18 -27 10 2 18 14 20 31 3 22 -1 27 -17 27
-17 0 -21 -6 -21 -31z"/>
<path d="M15115 2539 c-112 -14 -260 -56 -356 -101 -49 -22 -89 -45 -89 -49 0
-5 179 -9 398 -9 l399 0 12 71 c7 38 11 72 9 74 -2 2 -42 9 -88 14 -97 13
-184 12 -285 0z"/>
<path d="M2570 2095 c0 -68 2 -75 20 -75 18 0 20 7 20 75 0 68 -2 75 -20 75
-18 0 -20 -7 -20 -75z"/>
<path d="M2694 2156 c-3 -7 -4 -40 -2 -72 2 -47 7 -59 21 -62 15 -3 17 6 17
72 0 62 -3 76 -15 76 -9 0 -18 -6 -21 -14z"/>
<path d="M2800 2139 c0 -17 4 -28 10 -24 6 3 10 17 10 31 0 13 -4 24 -10 24
-5 0 -10 -14 -10 -31z"/>
<path d="M2900 2045 c0 -22 4 -34 10 -30 6 3 10 17 10 30 0 13 -4 27 -10 30
-6 4 -10 -8 -10 -30z"/>
<path d="M4755 1764 c-19 -20 -16 -43 8 -58 34 -22 73 27 47 59 -16 19 -35 19
-55 -1z"/>
<path d="M15788 1443 c7 -3 16 -2 19 1 4 3 -2 6 -13 5 -11 0 -14 -3 -6 -6z"/>
<path d="M15750 1379 c0 -5 5 -7 10 -4 6 3 10 8 10 11 0 2 -4 4 -10 4 -5 0
-10 -5 -10 -11z"/>
<path d="M15781 1293 c-1 -7 -8 -10 -18 -6 -13 5 -13 3 3 -13 19 -20 32 -9 21
19 -4 9 -6 9 -6 0z"/>
<path d="M15807 1269 c4 -13 8 -18 11 -10 2 7 -1 18 -6 23 -8 8 -9 4 -5 -13z"/>
<path d="M15501 1124 c0 -11 3 -14 6 -6 3 7 2 16 -1 19 -3 4 -6 -2 -5 -13z"/>
<path d="M15641 1127 c-1 -11 -6 -15 -13 -11 -7 5 -8 3 -3 -5 10 -16 29 2 22
21 -4 8 -6 7 -6 -5z"/>
<path d="M15670 1095 c-11 -13 -8 -15 15 -15 23 0 26 2 15 15 -7 8 -14 15 -15
15 -1 0 -8 -7 -15 -15z"/>
<path d="M15465 1030 c3 -5 8 -10 11 -10 2 0 4 5 4 10 0 6 -5 10 -11 10 -5 0
-7 -4 -4 -10z"/>
<path d="M15575 1030 c3 -5 8 -10 11 -10 2 0 4 5 4 10 0 6 -5 10 -11 10 -5 0
-7 -4 -4 -10z"/>
<path d="M15340 879 c0 -5 5 -7 10 -4 6 3 10 8 10 11 0 2 -4 4 -10 4 -5 0 -10
-5 -10 -11z"/>
<path d="M15416 761 c-4 -5 3 -7 14 -4 23 6 26 13 6 13 -8 0 -17 -4 -20 -9z"/>
<path d="M15266 708 c7 -11 32 -10 39 2 3 6 -4 9 -19 8 -13 -1 -22 -6 -20 -10z"/>
<path d="M9840 1604 c-14 -3 -34 -9 -45 -13 -11 -5 -39 -17 -63 -27 -124 -51
-138 -137 -32 -191 108 -55 318 -70 436 -31 82 27 134 72 134 116 0 46 -57 97
-139 123 -64 21 -232 34 -291 23z m-55 -114 c4 -7 12 -7 25 0 28 15 38 12 16
-5 -19 -15 -19 -15 2 -15 12 0 22 -5 22 -10 0 -6 -15 -10 -32 -9 -18 1 -42 -2
-53 -7 -17 -7 -18 -6 -7 8 10 13 9 16 -9 21 -12 3 -18 10 -14 16 8 14 42 14
50 1z m190 -20 c0 -23 -4 -25 -45 -25 -42 0 -45 2 -48 28 -3 28 -3 28 45 25
44 -3 48 -5 48 -28z m120 9 c10 -30 -6 -41 -51 -37 -34 3 -39 6 -42 31 -3 26
-2 27 42 27 37 0 46 -4 51 -21z m45 -5 c13 -33 13 -34 -4 -34 -8 0 -16 13 -18
30 -6 37 9 39 22 4z"/>
<path d="M9900 1469 c0 -16 5 -20 27 -17 17 2 29 10 31 21 3 13 -3 17 -27 17
-25 0 -31 -4 -31 -21z"/>
<path d="M10020 1470 c0 -15 7 -20 25 -20 18 0 25 5 25 20 0 15 -7 20 -25 20
-18 0 -25 -5 -25 -20z"/>
<path d="M16121 1290 c-5 -3 -12 -36 -15 -75 -14 -139 -75 -296 -161 -413 -40
-55 -44 -66 -33 -80 12 -15 11 -16 -4 -4 -15 12 -26 7 -87 -49 l-70 -62 61
-89 c33 -48 64 -90 68 -93 11 -7 90 49 139 99 l45 46 -30 32 -29 33 32 -29
c17 -15 35 -26 40 -23 21 13 127 172 163 244 63 129 118 351 108 439 l-3 29
-108 0 c-60 0 -112 -2 -116 -5z"/>
<path d="M8726 1105 c4 -8 11 -15 16 -15 6 0 5 6 -2 15 -7 8 -14 15 -16 15 -2
0 -1 -7 2 -15z"/>
<path d="M9934 960 c0 -52 1 -74 3 -47 2 26 2 68 0 95 -2 26 -3 4 -3 -48z"/>
<path d="M16919 703 c-22 -5 -24 -28 -24 -267 l0 -200 25 -6 c14 -3 413 -7
887 -9 l862 -3 3 204 c2 112 2 222 0 246 l-3 42 -867 -1 c-477 -1 -874 -3
-883 -6z m897 -33 l814 0 0 -205 0 -205 -850 0 -850 0 0 203 c0 112 3 207 7
211 5 4 21 5 37 2 16 -3 395 -6 842 -6z"/>
<path d="M17775 620 l-60 -5 0 -150 0 -150 75 0 75 0 3 147 c3 170 5 167 -93
158z m45 -155 l0 -115 -30 0 -30 0 0 115 0 115 30 0 30 0 0 -115z"/>
<path d="M17912 619 c-20 -7 -22 -15 -22 -72 0 -76 11 -90 67 -85 l38 3 0 79
0 79 -30 2 c-17 1 -40 -1 -53 -6z m48 -74 c0 -33 -4 -45 -15 -45 -11 0 -15 12
-15 45 0 33 4 45 15 45 11 0 15 -12 15 -45z"/>
<path d="M18076 592 c-14 -22 -46 -80 -72 -129 -26 -48 -53 -97 -60 -108 -17
-24 -18 -45 -1 -45 6 0 26 26 42 57 17 31 54 99 83 151 37 63 51 97 44 104 -7
7 -19 -3 -36 -30z"/>
<path d="M17433 603 c-4 -9 -6 -31 -6 -47 1 -17 2 -79 3 -138 1 -107 1 -108
26 -108 l24 0 0 155 c0 149 -1 155 -20 155 -11 0 -24 -8 -27 -17z"/>
<path d="M17524 607 c-3 -8 -4 -76 -2 -153 l3 -139 75 0 75 0 1 139 c1 77 0
146 -3 153 -7 18 -142 18 -149 0z m106 -141 l0 -114 -30 -4 -30 -5 0 119 0
118 30 0 30 0 0 -114z"/>
<path d="M18048 463 c-3 -4 -6 -38 -7 -75 -3 -82 3 -87 92 -79 16 1 18 10 15
79 l-3 77 -47 3 c-25 2 -48 -1 -50 -5z m62 -73 c0 -38 -4 -50 -15 -50 -11 0
-15 12 -15 50 0 38 4 50 15 50 11 0 15 -12 15 -50z"/>
<path d="M16753 645 c0 -27 2 -38 4 -22 2 15 2 37 0 50 -2 12 -4 0 -4 -28z"/>
<path d="M16807 614 c-13 -14 -7 -43 12 -53 23 -13 45 8 39 36 -3 18 -38 30
-51 17z"/>
<path d="M16707 555 c-26 -19 -18 -50 13 -50 28 0 37 22 18 47 -11 15 -16 15
-31 3z"/>
<path d="M16750 327 c-5 -82 -4 -87 15 -87 13 0 16 3 8 8 -7 5 -13 39 -15 87
l-3 80 -5 -88z"/>
<path d="M2933 393 c9 -2 23 -2 30 0 6 3 -1 5 -18 5 -16 0 -22 -2 -12 -5z"/>
<path d="M14216 1242 l-28 -4 7 -56 c15 -127 67 -293 123 -392 76 -133 198
-277 284 -336 24 -16 52 -37 63 -47 36 -34 238 -126 320 -147 137 -35 270 -46
388 -32 153 18 197 30 190 50 -6 15 -4 15 9 4 19 -15 62 -4 161 43 l57 27 -29
52 c-15 28 -41 75 -57 103 -29 53 -41 62 -59 44 -6 -5 -41 -21 -78 -35 -489
-183 -1021 110 -1126 622 -6 29 -11 66 -11 83 l0 29 -92 -2 c-51 -1 -106 -4
-122 -6z m1165 -819 c13 -17 13 -17 -6 -3 -11 8 -22 16 -24 17 -2 2 0 3 6 3 6
0 17 -8 24 -17z m100 -80 c8 -9 -5 -2 -28 17 -24 18 -43 35 -43 37 0 7 56 -35
71 -54z m65 -44 c3 -6 -5 -3 -20 6 -14 10 -26 19 -26 22 0 7 39 -17 46 -28z"/>
<path d="M7705 1150 c-3 -5 -1 -10 4 -10 6 0 11 5 11 10 0 6 -2 10 -4 10 -3 0
-8 -4 -11 -10z"/>
<path d="M9310 753 c0 -15 2 -16 10 -3 16 25 11 6 -10 -37 -11 -23 -24 -63
-30 -89 -6 -27 -15 -53 -20 -59 -4 -5 -15 -41 -23 -80 -9 -38 -39 -153 -66
-255 -28 -101 -51 -193 -51 -202 0 -17 55 -18 1120 -18 1065 0 1120 1 1120 18
0 9 -23 101 -51 202 -27 102 -57 214 -65 250 -8 36 -27 112 -43 170 -23 86
-31 104 -46 102 -9 -2 -14 1 -11 6 3 5 -20 8 -57 5 -34 -2 -221 -5 -416 -8
-194 -2 -355 -5 -356 -7 -2 -2 -30 -1 -62 1 -45 3 -52 6 -33 12 14 4 -112 7
-280 7 -168 0 -294 -4 -280 -8 24 -8 -55 -6 -160 4 -25 2 -69 0 -98 -4 -29 -4
-55 -3 -58 2 -9 15 -34 8 -34 -9z m528 -10 c-21 -2 -55 -2 -75 0 -21 2 -4 4
37 4 41 0 58 -2 38 -4z m220 0 c-10 -2 -28 -2 -40 0 -13 2 -5 4 17 4 22 1 32
-1 23 -4z m65 0 c-7 -2 -21 -2 -30 0 -10 3 -4 5 12 5 17 0 24 -2 18 -5z m64 1
c-3 -3 -12 -4 -19 -1 -8 3 -5 6 6 6 11 1 17 -2 13 -5z m-759 -11 c-10 -2 -26
-2 -35 0 -10 3 -2 5 17 5 19 0 27 -2 18 -5z m229 1 c-3 -3 -12 -4 -19 -1 -8 3
-5 6 6 6 11 1 17 -2 13 -5z m611 -1 c-10 -2 -28 -2 -40 0 -13 2 -5 4 17 4 22
1 32 -1 23 -4z m72 3 c0 -2 -7 -7 -16 -10 -8 -3 -12 -2 -9 4 6 10 25 14 25 6z
m433 -3 c-67 -2 -179 -2 -250 0 -70 1 -15 3 122 3 138 0 195 -2 128 -3z m-605
-10 c-10 -2 -26 -2 -35 0 -10 3 -2 5 17 5 19 0 27 -2 18 -5z m-856 -65 c-8 -8
-9 -4 -5 13 4 13 8 18 11 10 2 -7 -1 -18 -6 -23z"/>
</g>
</svg>
